# https://github.com/mikedh/trimesh
mtllib material.mtl

o geometry_0
usemtl material_0
v -0.37000000 0.10500000 0.45000000
v -0.32888889 0.10919753 0.45000000
v -0.28777778 0.11290123 0.45000000
v -0.24666667 0.11611111 0.45000000
v -0.20555556 0.11882716 0.45000000
v -0.16444444 0.12104938 0.45000000
v -0.12333333 0.12277778 0.45000000
v -0.08222222 0.12401235 0.45000000
v -0.04111111 0.12475309 0.45000000
v 0.00000000 0.12500000 0.45000000
v 0.04111111 0.12475309 0.45000000
v 0.08222222 0.12401235 0.45000000
v 0.12333333 0.12277778 0.45000000
v 0.16444444 0.12104938 0.45000000
v 0.20555556 0.11882716 0.45000000
v 0.24666667 0.11611111 0.45000000
v 0.28777778 0.11290123 0.45000000
v 0.32888889 0.10919753 0.45000000
v 0.37000000 0.10500000 0.45000000
v -0.37642857 0.11003840 0.49464286
v -0.33460317 0.11423593 0.49464286
v -0.29277778 0.11793964 0.49464286
v -0.25095238 0.12114951 0.49464286
v -0.20912698 0.12386556 0.49464286
v -0.16730159 0.12608778 0.49464286
v -0.12547619 0.12781618 0.49464286
v -0.08365079 0.12905075 0.49464286
v -0.04182540 0.12979149 0.49464286
v 0.00000000 0.13003840 0.49464286
v 0.04182540 0.12979149 0.49464286
v 0.08365079 0.12905075 0.49464286
v 0.12547619 0.12781618 0.49464286
v 0.16730159 0.12608778 0.49464286
v 0.20912698 0.12386556 0.49464286
v 0.25095238 0.12114951 0.49464286
v 0.29277778 0.11793964 0.49464286
v 0.33460317 0.11423593 0.49464286
v 0.37642857 0.11003840 0.49464286
v -0.38285714 0.11501344 0.53928571
v -0.34031746 0.11921097 0.53928571
v -0.29777778 0.12291468 0.53928571
v -0.25523810 0.12612455 0.53928571
v -0.21269841 0.12884060 0.53928571
v -0.17015873 0.13106282 0.53928571
v -0.12761905 0.13279122 0.53928571
v -0.08507937 0.13402579 0.53928571
v -0.04253968 0.13476653 0.53928571
v 0.00000000 0.13501344 0.53928571
v 0.04253968 0.13476653 0.53928571
v 0.08507937 0.13402579 0.53928571
v 0.12761905 0.13279122 0.53928571
v 0.17015873 0.13106282 0.53928571
v 0.21269841 0.12884060 0.53928571
v 0.25523810 0.12612455 0.53928571
v 0.29777778 0.12291468 0.53928571
v 0.34031746 0.11921097 0.53928571
v 0.38285714 0.11501344 0.53928571
v -0.38928571 0.11986256 0.58392857
v -0.34603175 0.12406009 0.58392857
v -0.30277778 0.12776379 0.58392857
v -0.25952381 0.13097367 0.58392857
v -0.21626984 0.13368972 0.58392857
v -0.17301587 0.13591194 0.58392857
v -0.12976190 0.13764034 0.58392857
v -0.08650794 0.13887490 0.58392857
v -0.04325397 0.13961564 0.58392857
v 0.00000000 0.13986256 0.58392857
v 0.04325397 0.13961564 0.58392857
v 0.08650794 0.13887490 0.58392857
v 0.12976190 0.13764034 0.58392857
v 0.17301587 0.13591194 0.58392857
v 0.21626984 0.13368972 0.58392857
v 0.25952381 0.13097367 0.58392857
v 0.30277778 0.12776379 0.58392857
v 0.34603175 0.12406009 0.58392857
v 0.38928571 0.11986256 0.58392857
v -0.39571429 0.12452477 0.62857143
v -0.35174603 0.12872230 0.62857143
v -0.30777778 0.13242600 0.62857143
v -0.26380952 0.13563588 0.62857143
v -0.21984127 0.13835193 0.62857143
v -0.17587302 0.14057415 0.62857143
v -0.13190476 0.14230255 0.62857143
v -0.08793651 0.14353711 0.62857143
v -0.04396825 0.14427785 0.62857143
v 0.00000000 0.14452477 0.62857143
v 0.04396825 0.14427785 0.62857143
v 0.08793651 0.14353711 0.62857143
v 0.13190476 0.14230255 0.62857143
v 0.17587302 0.14057415 0.62857143
v 0.21984127 0.13835193 0.62857143
v 0.26380952 0.13563588 0.62857143
v 0.30777778 0.13242600 0.62857143
v 0.35174603 0.12872230 0.62857143
v 0.39571429 0.12452477 0.62857143
v -0.40214286 0.12894144 0.67321429
v -0.35746032 0.13313897 0.67321429
v -0.31277778 0.13684268 0.67321429
v -0.26809524 0.14005255 0.67321429
v -0.22341270 0.14276860 0.67321429
v -0.17873016 0.14499083 0.67321429
v -0.13404762 0.14671922 0.67321429
v -0.08936508 0.14795379 0.67321429
v -0.04468254 0.14869453 0.67321429
v 0.00000000 0.14894144 0.67321429
v 0.04468254 0.14869453 0.67321429
v 0.08936508 0.14795379 0.67321429
v 0.13404762 0.14671922 0.67321429
v 0.17873016 0.14499083 0.67321429
v 0.22341270 0.14276860 0.67321429
v 0.26809524 0.14005255 0.67321429
v 0.31277778 0.13684268 0.67321429
v 0.35746032 0.13313897 0.67321429
v 0.40214286 0.12894144 0.67321429
v -0.40857143 0.13305704 0.71785714
v -0.36317460 0.13725457 0.71785714
v -0.31777778 0.14095828 0.71785714
v -0.27238095 0.14416815 0.71785714
v -0.22698413 0.14688420 0.71785714
v -0.18158730 0.14910642 0.71785714
v -0.13619048 0.15083482 0.71785714
v -0.09079365 0.15206939 0.71785714
v -0.04539683 0.15281013 0.71785714
v 0.00000000 0.15305704 0.71785714
v 0.04539683 0.15281013 0.71785714
v 0.09079365 0.15206939 0.71785714
v 0.13619048 0.15083482 0.71785714
v 0.18158730 0.14910642 0.71785714
v 0.22698413 0.14688420 0.71785714
v 0.27238095 0.14416815 0.71785714
v 0.31777778 0.14095828 0.71785714
v 0.36317460 0.13725457 0.71785714
v 0.40857143 0.13305704 0.71785714
v -0.41500000 0.13681981 0.76250000
v -0.36888889 0.14101734 0.76250000
v -0.32277778 0.14472104 0.76250000
v -0.27666667 0.14793092 0.76250000
v -0.23055556 0.15064697 0.76250000
v -0.18444444 0.15286919 0.76250000
v -0.13833333 0.15459758 0.76250000
v -0.09222222 0.15583215 0.76250000
v -0.04611111 0.15657289 0.76250000
v 0.00000000 0.15681981 0.76250000
v 0.04611111 0.15657289 0.76250000
v 0.09222222 0.15583215 0.76250000
v 0.13833333 0.15459758 0.76250000
v 0.18444444 0.15286919 0.76250000
v 0.23055556 0.15064697 0.76250000
v 0.27666667 0.14793092 0.76250000
v 0.32277778 0.14472104 0.76250000
v 0.36888889 0.14101734 0.76250000
v 0.41500000 0.13681981 0.76250000
v -0.42142857 0.14018242 0.80714286
v -0.37460317 0.14437995 0.80714286
v -0.32777778 0.14808365 0.80714286
v -0.28095238 0.15129353 0.80714286
v -0.23412698 0.15400958 0.80714286
v -0.18730159 0.15623180 0.80714286
v -0.14047619 0.15796019 0.80714286
v -0.09365079 0.15919476 0.80714286
v -0.04682540 0.15993550 0.80714286
v 0.00000000 0.16018242 0.80714286
v 0.04682540 0.15993550 0.80714286
v 0.09365079 0.15919476 0.80714286
v 0.14047619 0.15796019 0.80714286
v 0.18730159 0.15623180 0.80714286
v 0.23412698 0.15400958 0.80714286
v 0.28095238 0.15129353 0.80714286
v 0.32777778 0.14808365 0.80714286
v 0.37460317 0.14437995 0.80714286
v 0.42142857 0.14018242 0.80714286
v -0.42785714 0.14310259 0.85178571
v -0.38031746 0.14730012 0.85178571
v -0.33277778 0.15100382 0.85178571
v -0.28523810 0.15421370 0.85178571
v -0.23769841 0.15692975 0.85178571
v -0.19015873 0.15915197 0.85178571
v -0.14261905 0.16088037 0.85178571
v -0.09507937 0.16211493 0.85178571
v -0.04753968 0.16285568 0.85178571
v 0.00000000 0.16310259 0.85178571
v 0.04753968 0.16285568 0.85178571
v 0.09507937 0.16211493 0.85178571
v 0.14261905 0.16088037 0.85178571
v 0.19015873 0.15915197 0.85178571
v 0.23769841 0.15692975 0.85178571
v 0.28523810 0.15421370 0.85178571
v 0.33277778 0.15100382 0.85178571
v 0.38031746 0.14730012 0.85178571
v 0.42785714 0.14310259 0.85178571
v -0.43428571 0.14554360 0.89642857
v -0.38603175 0.14974113 0.89642857
v -0.33777778 0.15344483 0.89642857
v -0.28952381 0.15665471 0.89642857
v -0.24126984 0.15937076 0.89642857
v -0.19301587 0.16159298 0.89642857
v -0.14476190 0.16332138 0.89642857
v -0.09650794 0.16455594 0.89642857
v -0.04825397 0.16529669 0.89642857
v 0.00000000 0.16554360 0.89642857
v 0.04825397 0.16529669 0.89642857
v 0.09650794 0.16455594 0.89642857
v 0.14476190 0.16332138 0.89642857
v 0.19301587 0.16159298 0.89642857
v 0.24126984 0.15937076 0.89642857
v 0.28952381 0.15665471 0.89642857
v 0.33777778 0.15344483 0.89642857
v 0.38603175 0.14974113 0.89642857
v 0.43428571 0.14554360 0.89642857
v -0.44071429 0.14747475 0.94107143
v -0.39174603 0.15167228 0.94107143
v -0.34277778 0.15537598 0.94107143
v -0.29380952 0.15858586 0.94107143
v -0.24484127 0.16130191 0.94107143
v -0.19587302 0.16352413 0.94107143
v -0.14690476 0.16525253 0.94107143
v -0.09793651 0.16648710 0.94107143
v -0.04896825 0.16722784 0.94107143
v 0.00000000 0.16747475 0.94107143
v 0.04896825 0.16722784 0.94107143
v 0.09793651 0.16648710 0.94107143
v 0.14690476 0.16525253 0.94107143
v 0.19587302 0.16352413 0.94107143
v 0.24484127 0.16130191 0.94107143
v 0.29380952 0.15858586 0.94107143
v 0.34277778 0.15537598 0.94107143
v 0.39174603 0.15167228 0.94107143
v 0.44071429 0.14747475 0.94107143
v -0.44714286 0.14887176 0.98571429
v -0.39746032 0.15306929 0.98571429
v -0.34777778 0.15677299 0.98571429
v -0.29809524 0.15998287 0.98571429
v -0.24841270 0.16269892 0.98571429
v -0.19873016 0.16492114 0.98571429
v -0.14904762 0.16664953 0.98571429
v -0.09936508 0.16788410 0.98571429
v -0.04968254 0.16862484 0.98571429
v 0.00000000 0.16887176 0.98571429
v 0.04968254 0.16862484 0.98571429
v 0.09936508 0.16788410 0.98571429
v 0.14904762 0.16664953 0.98571429
v 0.19873016 0.16492114 0.98571429
v 0.24841270 0.16269892 0.98571429
v 0.29809524 0.15998287 0.98571429
v 0.34777778 0.15677299 0.98571429
v 0.39746032 0.15306929 0.98571429
v 0.44714286 0.14887176 0.98571429
v -0.45357143 0.14971705 1.03035714
v -0.40317460 0.15391458 1.03035714
v -0.35277778 0.15761828 1.03035714
v -0.30238095 0.16082816 1.03035714
v -0.25198413 0.16354421 1.03035714
v -0.20158730 0.16576643 1.03035714
v -0.15119048 0.16749483 1.03035714
v -0.10079365 0.16872940 1.03035714
v -0.05039683 0.16947014 1.03035714
v 0.00000000 0.16971705 1.03035714
v 0.05039683 0.16947014 1.03035714
v 0.10079365 0.16872940 1.03035714
v 0.15119048 0.16749483 1.03035714
v 0.20158730 0.16576643 1.03035714
v 0.25198413 0.16354421 1.03035714
v 0.30238095 0.16082816 1.03035714
v 0.35277778 0.15761828 1.03035714
v 0.40317460 0.15391458 1.03035714
v 0.45357143 0.14971705 1.03035714
v -0.46000000 0.15000000 1.07500000
v -0.40888889 0.15419753 1.07500000
v -0.35777778 0.15790123 1.07500000
v -0.30666667 0.16111111 1.07500000
v -0.25555556 0.16382716 1.07500000
v -0.20444444 0.16604938 1.07500000
v -0.15333333 0.16777778 1.07500000
v -0.10222222 0.16901235 1.07500000
v -0.05111111 0.16975309 1.07500000
v 0.00000000 0.17000000 1.07500000
v 0.05111111 0.16975309 1.07500000
v 0.10222222 0.16901235 1.07500000
v 0.15333333 0.16777778 1.07500000
v 0.20444444 0.16604938 1.07500000
v 0.25555556 0.16382716 1.07500000
v 0.30666667 0.16111111 1.07500000
v 0.35777778 0.15790123 1.07500000
v 0.40888889 0.15419753 1.07500000
v 0.46000000 0.15000000 1.07500000
v -0.45357143 0.14971705 1.11964286
v -0.40317460 0.15391458 1.11964286
v -0.35277778 0.15761828 1.11964286
v -0.30238095 0.16082816 1.11964286
v -0.25198413 0.16354421 1.11964286
v -0.20158730 0.16576643 1.11964286
v -0.15119048 0.16749483 1.11964286
v -0.10079365 0.16872940 1.11964286
v -0.05039683 0.16947014 1.11964286
v 0.00000000 0.16971705 1.11964286
v 0.05039683 0.16947014 1.11964286
v 0.10079365 0.16872940 1.11964286
v 0.15119048 0.16749483 1.11964286
v 0.20158730 0.16576643 1.11964286
v 0.25198413 0.16354421 1.11964286
v 0.30238095 0.16082816 1.11964286
v 0.35277778 0.15761828 1.11964286
v 0.40317460 0.15391458 1.11964286
v 0.45357143 0.14971705 1.11964286
v -0.44714286 0.14887176 1.16428571
v -0.39746032 0.15306929 1.16428571
v -0.34777778 0.15677299 1.16428571
v -0.29809524 0.15998287 1.16428571
v -0.24841270 0.16269892 1.16428571
v -0.19873016 0.16492114 1.16428571
v -0.14904762 0.16664953 1.16428571
v -0.09936508 0.16788410 1.16428571
v -0.04968254 0.16862484 1.16428571
v 0.00000000 0.16887176 1.16428571
v 0.04968254 0.16862484 1.16428571
v 0.09936508 0.16788410 1.16428571
v 0.14904762 0.16664953 1.16428571
v 0.19873016 0.16492114 1.16428571
v 0.24841270 0.16269892 1.16428571
v 0.29809524 0.15998287 1.16428571
v 0.34777778 0.15677299 1.16428571
v 0.39746032 0.15306929 1.16428571
v 0.44714286 0.14887176 1.16428571
v -0.44071429 0.14747475 1.20892857
v -0.39174603 0.15167228 1.20892857
v -0.34277778 0.15537598 1.20892857
v -0.29380952 0.15858586 1.20892857
v -0.24484127 0.16130191 1.20892857
v -0.19587302 0.16352413 1.20892857
v -0.14690476 0.16525253 1.20892857
v -0.09793651 0.16648710 1.20892857
v -0.04896825 0.16722784 1.20892857
v 0.00000000 0.16747475 1.20892857
v 0.04896825 0.16722784 1.20892857
v 0.09793651 0.16648710 1.20892857
v 0.14690476 0.16525253 1.20892857
v 0.19587302 0.16352413 1.20892857
v 0.24484127 0.16130191 1.20892857
v 0.29380952 0.15858586 1.20892857
v 0.34277778 0.15537598 1.20892857
v 0.39174603 0.15167228 1.20892857
v 0.44071429 0.14747475 1.20892857
v -0.43428571 0.14554360 1.25357143
v -0.38603175 0.14974113 1.25357143
v -0.33777778 0.15344483 1.25357143
v -0.28952381 0.15665471 1.25357143
v -0.24126984 0.15937076 1.25357143
v -0.19301587 0.16159298 1.25357143
v -0.14476190 0.16332138 1.25357143
v -0.09650794 0.16455594 1.25357143
v -0.04825397 0.16529669 1.25357143
v 0.00000000 0.16554360 1.25357143
v 0.04825397 0.16529669 1.25357143
v 0.09650794 0.16455594 1.25357143
v 0.14476190 0.16332138 1.25357143
v 0.19301587 0.16159298 1.25357143
v 0.24126984 0.15937076 1.25357143
v 0.28952381 0.15665471 1.25357143
v 0.33777778 0.15344483 1.25357143
v 0.38603175 0.14974113 1.25357143
v 0.43428571 0.14554360 1.25357143
v -0.42785714 0.14310259 1.29821429
v -0.38031746 0.14730012 1.29821429
v -0.33277778 0.15100382 1.29821429
v -0.28523810 0.15421370 1.29821429
v -0.23769841 0.15692975 1.29821429
v -0.19015873 0.15915197 1.29821429
v -0.14261905 0.16088037 1.29821429
v -0.09507937 0.16211493 1.29821429
v -0.04753968 0.16285568 1.29821429
v 0.00000000 0.16310259 1.29821429
v 0.04753968 0.16285568 1.29821429
v 0.09507937 0.16211493 1.29821429
v 0.14261905 0.16088037 1.29821429
v 0.19015873 0.15915197 1.29821429
v 0.23769841 0.15692975 1.29821429
v 0.28523810 0.15421370 1.29821429
v 0.33277778 0.15100382 1.29821429
v 0.38031746 0.14730012 1.29821429
v 0.42785714 0.14310259 1.29821429
v -0.42142857 0.14018242 1.34285714
v -0.37460317 0.14437995 1.34285714
v -0.32777778 0.14808365 1.34285714
v -0.28095238 0.15129353 1.34285714
v -0.23412698 0.15400958 1.34285714
v -0.18730159 0.15623180 1.34285714
v -0.14047619 0.15796019 1.34285714
v -0.09365079 0.15919476 1.34285714
v -0.04682540 0.15993550 1.34285714
v 0.00000000 0.16018242 1.34285714
v 0.04682540 0.15993550 1.34285714
v 0.09365079 0.15919476 1.34285714
v 0.14047619 0.15796019 1.34285714
v 0.18730159 0.15623180 1.34285714
v 0.23412698 0.15400958 1.34285714
v 0.28095238 0.15129353 1.34285714
v 0.32777778 0.14808365 1.34285714
v 0.37460317 0.14437995 1.34285714
v 0.42142857 0.14018242 1.34285714
v -0.41500000 0.13681981 1.38750000
v -0.36888889 0.14101734 1.38750000
v -0.32277778 0.14472104 1.38750000
v -0.27666667 0.14793092 1.38750000
v -0.23055556 0.15064697 1.38750000
v -0.18444444 0.15286919 1.38750000
v -0.13833333 0.15459758 1.38750000
v -0.09222222 0.15583215 1.38750000
v -0.04611111 0.15657289 1.38750000
v 0.00000000 0.15681981 1.38750000
v 0.04611111 0.15657289 1.38750000
v 0.09222222 0.15583215 1.38750000
v 0.13833333 0.15459758 1.38750000
v 0.18444444 0.15286919 1.38750000
v 0.23055556 0.15064697 1.38750000
v 0.27666667 0.14793092 1.38750000
v 0.32277778 0.14472104 1.38750000
v 0.36888889 0.14101734 1.38750000
v 0.41500000 0.13681981 1.38750000
v -0.40857143 0.13305704 1.43214286
v -0.36317460 0.13725457 1.43214286
v -0.31777778 0.14095828 1.43214286
v -0.27238095 0.14416815 1.43214286
v -0.22698413 0.14688420 1.43214286
v -0.18158730 0.14910642 1.43214286
v -0.13619048 0.15083482 1.43214286
v -0.09079365 0.15206939 1.43214286
v -0.04539683 0.15281013 1.43214286
v 0.00000000 0.15305704 1.43214286
v 0.04539683 0.15281013 1.43214286
v 0.09079365 0.15206939 1.43214286
v 0.13619048 0.15083482 1.43214286
v 0.18158730 0.14910642 1.43214286
v 0.22698413 0.14688420 1.43214286
v 0.27238095 0.14416815 1.43214286
v 0.31777778 0.14095828 1.43214286
v 0.36317460 0.13725457 1.43214286
v 0.40857143 0.13305704 1.43214286
v -0.40214286 0.12894144 1.47678571
v -0.35746032 0.13313897 1.47678571
v -0.31277778 0.13684268 1.47678571
v -0.26809524 0.14005255 1.47678571
v -0.22341270 0.14276860 1.47678571
v -0.17873016 0.14499083 1.47678571
v -0.13404762 0.14671922 1.47678571
v -0.08936508 0.14795379 1.47678571
v -0.04468254 0.14869453 1.47678571
v 0.00000000 0.14894144 1.47678571
v 0.04468254 0.14869453 1.47678571
v 0.08936508 0.14795379 1.47678571
v 0.13404762 0.14671922 1.47678571
v 0.17873016 0.14499083 1.47678571
v 0.22341270 0.14276860 1.47678571
v 0.26809524 0.14005255 1.47678571
v 0.31277778 0.13684268 1.47678571
v 0.35746032 0.13313897 1.47678571
v 0.40214286 0.12894144 1.47678571
v -0.39571429 0.12452477 1.52142857
v -0.35174603 0.12872230 1.52142857
v -0.30777778 0.13242600 1.52142857
v -0.26380952 0.13563588 1.52142857
v -0.21984127 0.13835193 1.52142857
v -0.17587302 0.14057415 1.52142857
v -0.13190476 0.14230255 1.52142857
v -0.08793651 0.14353711 1.52142857
v -0.04396825 0.14427785 1.52142857
v 0.00000000 0.14452477 1.52142857
v 0.04396825 0.14427785 1.52142857
v 0.08793651 0.14353711 1.52142857
v 0.13190476 0.14230255 1.52142857
v 0.17587302 0.14057415 1.52142857
v 0.21984127 0.13835193 1.52142857
v 0.26380952 0.13563588 1.52142857
v 0.30777778 0.13242600 1.52142857
v 0.35174603 0.12872230 1.52142857
v 0.39571429 0.12452477 1.52142857
v -0.38928571 0.11986256 1.56607143
v -0.34603175 0.12406009 1.56607143
v -0.30277778 0.12776379 1.56607143
v -0.25952381 0.13097367 1.56607143
v -0.21626984 0.13368972 1.56607143
v -0.17301587 0.13591194 1.56607143
v -0.12976190 0.13764034 1.56607143
v -0.08650794 0.13887490 1.56607143
v -0.04325397 0.13961564 1.56607143
v 0.00000000 0.13986256 1.56607143
v 0.04325397 0.13961564 1.56607143
v 0.08650794 0.13887490 1.56607143
v 0.12976190 0.13764034 1.56607143
v 0.17301587 0.13591194 1.56607143
v 0.21626984 0.13368972 1.56607143
v 0.25952381 0.13097367 1.56607143
v 0.30277778 0.12776379 1.56607143
v 0.34603175 0.12406009 1.56607143
v 0.38928571 0.11986256 1.56607143
v -0.38285714 0.11501344 1.61071429
v -0.34031746 0.11921097 1.61071429
v -0.29777778 0.12291468 1.61071429
v -0.25523810 0.12612455 1.61071429
v -0.21269841 0.12884060 1.61071429
v -0.17015873 0.13106282 1.61071429
v -0.12761905 0.13279122 1.61071429
v -0.08507937 0.13402579 1.61071429
v -0.04253968 0.13476653 1.61071429
v 0.00000000 0.13501344 1.61071429
v 0.04253968 0.13476653 1.61071429
v 0.08507937 0.13402579 1.61071429
v 0.12761905 0.13279122 1.61071429
v 0.17015873 0.13106282 1.61071429
v 0.21269841 0.12884060 1.61071429
v 0.25523810 0.12612455 1.61071429
v 0.29777778 0.12291468 1.61071429
v 0.34031746 0.11921097 1.61071429
v 0.38285714 0.11501344 1.61071429
v -0.37642857 0.11003840 1.65535714
v -0.33460317 0.11423593 1.65535714
v -0.29277778 0.11793964 1.65535714
v -0.25095238 0.12114951 1.65535714
v -0.20912698 0.12386556 1.65535714
v -0.16730159 0.12608778 1.65535714
v -0.12547619 0.12781618 1.65535714
v -0.08365079 0.12905075 1.65535714
v -0.04182540 0.12979149 1.65535714
v 0.00000000 0.13003840 1.65535714
v 0.04182540 0.12979149 1.65535714
v 0.08365079 0.12905075 1.65535714
v 0.12547619 0.12781618 1.65535714
v 0.16730159 0.12608778 1.65535714
v 0.20912698 0.12386556 1.65535714
v 0.25095238 0.12114951 1.65535714
v 0.29277778 0.11793964 1.65535714
v 0.33460317 0.11423593 1.65535714
v 0.37642857 0.11003840 1.65535714
v -0.37000000 0.10500000 1.70000000
v -0.32888889 0.10919753 1.70000000
v -0.28777778 0.11290123 1.70000000
v -0.24666667 0.11611111 1.70000000
v -0.20555556 0.11882716 1.70000000
v -0.16444444 0.12104938 1.70000000
v -0.12333333 0.12277778 1.70000000
v -0.08222222 0.12401235 1.70000000
v -0.04111111 0.12475309 1.70000000
v 0.00000000 0.12500000 1.70000000
v 0.04111111 0.12475309 1.70000000
v 0.08222222 0.12401235 1.70000000
v 0.12333333 0.12277778 1.70000000
v 0.16444444 0.12104938 1.70000000
v 0.20555556 0.11882716 1.70000000
v 0.24666667 0.11611111 1.70000000
v 0.28777778 0.11290123 1.70000000
v 0.32888889 0.10919753 1.70000000
v 0.37000000 0.10500000 1.70000000
v -0.37000000 -0.10500000 0.45000000
v -0.32888889 -0.10919753 0.45000000
v -0.28777778 -0.11290123 0.45000000
v -0.24666667 -0.11611111 0.45000000
v -0.20555556 -0.11882716 0.45000000
v -0.16444444 -0.12104938 0.45000000
v -0.12333333 -0.12277778 0.45000000
v -0.08222222 -0.12401235 0.45000000
v -0.04111111 -0.12475309 0.45000000
v 0.00000000 -0.12500000 0.45000000
v 0.04111111 -0.12475309 0.45000000
v 0.08222222 -0.12401235 0.45000000
v 0.12333333 -0.12277778 0.45000000
v 0.16444444 -0.12104938 0.45000000
v 0.20555556 -0.11882716 0.45000000
v 0.24666667 -0.11611111 0.45000000
v 0.28777778 -0.11290123 0.45000000
v 0.32888889 -0.10919753 0.45000000
v 0.37000000 -0.10500000 0.45000000
v -0.37642857 -0.11003840 0.49464286
v -0.33460317 -0.11423593 0.49464286
v -0.29277778 -0.11793964 0.49464286
v -0.25095238 -0.12114951 0.49464286
v -0.20912698 -0.12386556 0.49464286
v -0.16730159 -0.12608778 0.49464286
v -0.12547619 -0.12781618 0.49464286
v -0.08365079 -0.12905075 0.49464286
v -0.04182540 -0.12979149 0.49464286
v 0.00000000 -0.13003840 0.49464286
v 0.04182540 -0.12979149 0.49464286
v 0.08365079 -0.12905075 0.49464286
v 0.12547619 -0.12781618 0.49464286
v 0.16730159 -0.12608778 0.49464286
v 0.20912698 -0.12386556 0.49464286
v 0.25095238 -0.12114951 0.49464286
v 0.29277778 -0.11793964 0.49464286
v 0.33460317 -0.11423593 0.49464286
v 0.37642857 -0.11003840 0.49464286
v -0.38285714 -0.11501344 0.53928571
v -0.34031746 -0.11921097 0.53928571
v -0.29777778 -0.12291468 0.53928571
v -0.25523810 -0.12612455 0.53928571
v -0.21269841 -0.12884060 0.53928571
v -0.17015873 -0.13106282 0.53928571
v -0.12761905 -0.13279122 0.53928571
v -0.08507937 -0.13402579 0.53928571
v -0.04253968 -0.13476653 0.53928571
v 0.00000000 -0.13501344 0.53928571
v 0.04253968 -0.13476653 0.53928571
v 0.08507937 -0.13402579 0.53928571
v 0.12761905 -0.13279122 0.53928571
v 0.17015873 -0.13106282 0.53928571
v 0.21269841 -0.12884060 0.53928571
v 0.25523810 -0.12612455 0.53928571
v 0.29777778 -0.12291468 0.53928571
v 0.34031746 -0.11921097 0.53928571
v 0.38285714 -0.11501344 0.53928571
v -0.38928571 -0.11986256 0.58392857
v -0.34603175 -0.12406009 0.58392857
v -0.30277778 -0.12776379 0.58392857
v -0.25952381 -0.13097367 0.58392857
v -0.21626984 -0.13368972 0.58392857
v -0.17301587 -0.13591194 0.58392857
v -0.12976190 -0.13764034 0.58392857
v -0.08650794 -0.13887490 0.58392857
v -0.04325397 -0.13961564 0.58392857
v 0.00000000 -0.13986256 0.58392857
v 0.04325397 -0.13961564 0.58392857
v 0.08650794 -0.13887490 0.58392857
v 0.12976190 -0.13764034 0.58392857
v 0.17301587 -0.13591194 0.58392857
v 0.21626984 -0.13368972 0.58392857
v 0.25952381 -0.13097367 0.58392857
v 0.30277778 -0.12776379 0.58392857
v 0.34603175 -0.12406009 0.58392857
v 0.38928571 -0.11986256 0.58392857
v -0.39571429 -0.12452477 0.62857143
v -0.35174603 -0.12872230 0.62857143
v -0.30777778 -0.13242600 0.62857143
v -0.26380952 -0.13563588 0.62857143
v -0.21984127 -0.13835193 0.62857143
v -0.17587302 -0.14057415 0.62857143
v -0.13190476 -0.14230255 0.62857143
v -0.08793651 -0.14353711 0.62857143
v -0.04396825 -0.14427785 0.62857143
v 0.00000000 -0.14452477 0.62857143
v 0.04396825 -0.14427785 0.62857143
v 0.08793651 -0.14353711 0.62857143
v 0.13190476 -0.14230255 0.62857143
v 0.17587302 -0.14057415 0.62857143
v 0.21984127 -0.13835193 0.62857143
v 0.26380952 -0.13563588 0.62857143
v 0.30777778 -0.13242600 0.62857143
v 0.35174603 -0.12872230 0.62857143
v 0.39571429 -0.12452477 0.62857143
v -0.40214286 -0.12894144 0.67321429
v -0.35746032 -0.13313897 0.67321429
v -0.31277778 -0.13684268 0.67321429
v -0.26809524 -0.14005255 0.67321429
v -0.22341270 -0.14276860 0.67321429
v -0.17873016 -0.14499083 0.67321429
v -0.13404762 -0.14671922 0.67321429
v -0.08936508 -0.14795379 0.67321429
v -0.04468254 -0.14869453 0.67321429
v 0.00000000 -0.14894144 0.67321429
v 0.04468254 -0.14869453 0.67321429
v 0.08936508 -0.14795379 0.67321429
v 0.13404762 -0.14671922 0.67321429
v 0.17873016 -0.14499083 0.67321429
v 0.22341270 -0.14276860 0.67321429
v 0.26809524 -0.14005255 0.67321429
v 0.31277778 -0.13684268 0.67321429
v 0.35746032 -0.13313897 0.67321429
v 0.40214286 -0.12894144 0.67321429
v -0.40857143 -0.13305704 0.71785714
v -0.36317460 -0.13725457 0.71785714
v -0.31777778 -0.14095828 0.71785714
v -0.27238095 -0.14416815 0.71785714
v -0.22698413 -0.14688420 0.71785714
v -0.18158730 -0.14910642 0.71785714
v -0.13619048 -0.15083482 0.71785714
v -0.09079365 -0.15206939 0.71785714
v -0.04539683 -0.15281013 0.71785714
v 0.00000000 -0.15305704 0.71785714
v 0.04539683 -0.15281013 0.71785714
v 0.09079365 -0.15206939 0.71785714
v 0.13619048 -0.15083482 0.71785714
v 0.18158730 -0.14910642 0.71785714
v 0.22698413 -0.14688420 0.71785714
v 0.27238095 -0.14416815 0.71785714
v 0.31777778 -0.14095828 0.71785714
v 0.36317460 -0.13725457 0.71785714
v 0.40857143 -0.13305704 0.71785714
v -0.41500000 -0.13681981 0.76250000
v -0.36888889 -0.14101734 0.76250000
v -0.32277778 -0.14472104 0.76250000
v -0.27666667 -0.14793092 0.76250000
v -0.23055556 -0.15064697 0.76250000
v -0.18444444 -0.15286919 0.76250000
v -0.13833333 -0.15459758 0.76250000
v -0.09222222 -0.15583215 0.76250000
v -0.04611111 -0.15657289 0.76250000
v 0.00000000 -0.15681981 0.76250000
v 0.04611111 -0.15657289 0.76250000
v 0.09222222 -0.15583215 0.76250000
v 0.13833333 -0.15459758 0.76250000
v 0.18444444 -0.15286919 0.76250000
v 0.23055556 -0.15064697 0.76250000
v 0.27666667 -0.14793092 0.76250000
v 0.32277778 -0.14472104 0.76250000
v 0.36888889 -0.14101734 0.76250000
v 0.41500000 -0.13681981 0.76250000
v -0.42142857 -0.14018242 0.80714286
v -0.37460317 -0.14437995 0.80714286
v -0.32777778 -0.14808365 0.80714286
v -0.28095238 -0.15129353 0.80714286
v -0.23412698 -0.15400958 0.80714286
v -0.18730159 -0.15623180 0.80714286
v -0.14047619 -0.15796019 0.80714286
v -0.09365079 -0.15919476 0.80714286
v -0.04682540 -0.15993550 0.80714286
v 0.00000000 -0.16018242 0.80714286
v 0.04682540 -0.15993550 0.80714286
v 0.09365079 -0.15919476 0.80714286
v 0.14047619 -0.15796019 0.80714286
v 0.18730159 -0.15623180 0.80714286
v 0.23412698 -0.15400958 0.80714286
v 0.28095238 -0.15129353 0.80714286
v 0.32777778 -0.14808365 0.80714286
v 0.37460317 -0.14437995 0.80714286
v 0.42142857 -0.14018242 0.80714286
v -0.42785714 -0.14310259 0.85178571
v -0.38031746 -0.14730012 0.85178571
v -0.33277778 -0.15100382 0.85178571
v -0.28523810 -0.15421370 0.85178571
v -0.23769841 -0.15692975 0.85178571
v -0.19015873 -0.15915197 0.85178571
v -0.14261905 -0.16088037 0.85178571
v -0.09507937 -0.16211493 0.85178571
v -0.04753968 -0.16285568 0.85178571
v 0.00000000 -0.16310259 0.85178571
v 0.04753968 -0.16285568 0.85178571
v 0.09507937 -0.16211493 0.85178571
v 0.14261905 -0.16088037 0.85178571
v 0.19015873 -0.15915197 0.85178571
v 0.23769841 -0.15692975 0.85178571
v 0.28523810 -0.15421370 0.85178571
v 0.33277778 -0.15100382 0.85178571
v 0.38031746 -0.14730012 0.85178571
v 0.42785714 -0.14310259 0.85178571
v -0.43428571 -0.14554360 0.89642857
v -0.38603175 -0.14974113 0.89642857
v -0.33777778 -0.15344483 0.89642857
v -0.28952381 -0.15665471 0.89642857
v -0.24126984 -0.15937076 0.89642857
v -0.19301587 -0.16159298 0.89642857
v -0.14476190 -0.16332138 0.89642857
v -0.09650794 -0.16455594 0.89642857
v -0.04825397 -0.16529669 0.89642857
v 0.00000000 -0.16554360 0.89642857
v 0.04825397 -0.16529669 0.89642857
v 0.09650794 -0.16455594 0.89642857
v 0.14476190 -0.16332138 0.89642857
v 0.19301587 -0.16159298 0.89642857
v 0.24126984 -0.15937076 0.89642857
v 0.28952381 -0.15665471 0.89642857
v 0.33777778 -0.15344483 0.89642857
v 0.38603175 -0.14974113 0.89642857
v 0.43428571 -0.14554360 0.89642857
v -0.44071429 -0.14747475 0.94107143
v -0.39174603 -0.15167228 0.94107143
v -0.34277778 -0.15537598 0.94107143
v -0.29380952 -0.15858586 0.94107143
v -0.24484127 -0.16130191 0.94107143
v -0.19587302 -0.16352413 0.94107143
v -0.14690476 -0.16525253 0.94107143
v -0.09793651 -0.16648710 0.94107143
v -0.04896825 -0.16722784 0.94107143
v 0.00000000 -0.16747475 0.94107143
v 0.04896825 -0.16722784 0.94107143
v 0.09793651 -0.16648710 0.94107143
v 0.14690476 -0.16525253 0.94107143
v 0.19587302 -0.16352413 0.94107143
v 0.24484127 -0.16130191 0.94107143
v 0.29380952 -0.15858586 0.94107143
v 0.34277778 -0.15537598 0.94107143
v 0.39174603 -0.15167228 0.94107143
v 0.44071429 -0.14747475 0.94107143
v -0.44714286 -0.14887176 0.98571429
v -0.39746032 -0.15306929 0.98571429
v -0.34777778 -0.15677299 0.98571429
v -0.29809524 -0.15998287 0.98571429
v -0.24841270 -0.16269892 0.98571429
v -0.19873016 -0.16492114 0.98571429
v -0.14904762 -0.16664953 0.98571429
v -0.09936508 -0.16788410 0.98571429
v -0.04968254 -0.16862484 0.98571429
v 0.00000000 -0.16887176 0.98571429
v 0.04968254 -0.16862484 0.98571429
v 0.09936508 -0.16788410 0.98571429
v 0.14904762 -0.16664953 0.98571429
v 0.19873016 -0.16492114 0.98571429
v 0.24841270 -0.16269892 0.98571429
v 0.29809524 -0.15998287 0.98571429
v 0.34777778 -0.15677299 0.98571429
v 0.39746032 -0.15306929 0.98571429
v 0.44714286 -0.14887176 0.98571429
v -0.45357143 -0.14971705 1.03035714
v -0.40317460 -0.15391458 1.03035714
v -0.35277778 -0.15761828 1.03035714
v -0.30238095 -0.16082816 1.03035714
v -0.25198413 -0.16354421 1.03035714
v -0.20158730 -0.16576643 1.03035714
v -0.15119048 -0.16749483 1.03035714
v -0.10079365 -0.16872940 1.03035714
v -0.05039683 -0.16947014 1.03035714
v 0.00000000 -0.16971705 1.03035714
v 0.05039683 -0.16947014 1.03035714
v 0.10079365 -0.16872940 1.03035714
v 0.15119048 -0.16749483 1.03035714
v 0.20158730 -0.16576643 1.03035714
v 0.25198413 -0.16354421 1.03035714
v 0.30238095 -0.16082816 1.03035714
v 0.35277778 -0.15761828 1.03035714
v 0.40317460 -0.15391458 1.03035714
v 0.45357143 -0.14971705 1.03035714
v -0.46000000 -0.15000000 1.07500000
v -0.40888889 -0.15419753 1.07500000
v -0.35777778 -0.15790123 1.07500000
v -0.30666667 -0.16111111 1.07500000
v -0.25555556 -0.16382716 1.07500000
v -0.20444444 -0.16604938 1.07500000
v -0.15333333 -0.16777778 1.07500000
v -0.10222222 -0.16901235 1.07500000
v -0.05111111 -0.16975309 1.07500000
v 0.00000000 -0.17000000 1.07500000
v 0.05111111 -0.16975309 1.07500000
v 0.10222222 -0.16901235 1.07500000
v 0.15333333 -0.16777778 1.07500000
v 0.20444444 -0.16604938 1.07500000
v 0.25555556 -0.16382716 1.07500000
v 0.30666667 -0.16111111 1.07500000
v 0.35777778 -0.15790123 1.07500000
v 0.40888889 -0.15419753 1.07500000
v 0.46000000 -0.15000000 1.07500000
v -0.45357143 -0.14971705 1.11964286
v -0.40317460 -0.15391458 1.11964286
v -0.35277778 -0.15761828 1.11964286
v -0.30238095 -0.16082816 1.11964286
v -0.25198413 -0.16354421 1.11964286
v -0.20158730 -0.16576643 1.11964286
v -0.15119048 -0.16749483 1.11964286
v -0.10079365 -0.16872940 1.11964286
v -0.05039683 -0.16947014 1.11964286
v 0.00000000 -0.16971705 1.11964286
v 0.05039683 -0.16947014 1.11964286
v 0.10079365 -0.16872940 1.11964286
v 0.15119048 -0.16749483 1.11964286
v 0.20158730 -0.16576643 1.11964286
v 0.25198413 -0.16354421 1.11964286
v 0.30238095 -0.16082816 1.11964286
v 0.35277778 -0.15761828 1.11964286
v 0.40317460 -0.15391458 1.11964286
v 0.45357143 -0.14971705 1.11964286
v -0.44714286 -0.14887176 1.16428571
v -0.39746032 -0.15306929 1.16428571
v -0.34777778 -0.15677299 1.16428571
v -0.29809524 -0.15998287 1.16428571
v -0.24841270 -0.16269892 1.16428571
v -0.19873016 -0.16492114 1.16428571
v -0.14904762 -0.16664953 1.16428571
v -0.09936508 -0.16788410 1.16428571
v -0.04968254 -0.16862484 1.16428571
v 0.00000000 -0.16887176 1.16428571
v 0.04968254 -0.16862484 1.16428571
v 0.09936508 -0.16788410 1.16428571
v 0.14904762 -0.16664953 1.16428571
v 0.19873016 -0.16492114 1.16428571
v 0.24841270 -0.16269892 1.16428571
v 0.29809524 -0.15998287 1.16428571
v 0.34777778 -0.15677299 1.16428571
v 0.39746032 -0.15306929 1.16428571
v 0.44714286 -0.14887176 1.16428571
v -0.44071429 -0.14747475 1.20892857
v -0.39174603 -0.15167228 1.20892857
v -0.34277778 -0.15537598 1.20892857
v -0.29380952 -0.15858586 1.20892857
v -0.24484127 -0.16130191 1.20892857
v -0.19587302 -0.16352413 1.20892857
v -0.14690476 -0.16525253 1.20892857
v -0.09793651 -0.16648710 1.20892857
v -0.04896825 -0.16722784 1.20892857
v 0.00000000 -0.16747475 1.20892857
v 0.04896825 -0.16722784 1.20892857
v 0.09793651 -0.16648710 1.20892857
v 0.14690476 -0.16525253 1.20892857
v 0.19587302 -0.16352413 1.20892857
v 0.24484127 -0.16130191 1.20892857
v 0.29380952 -0.15858586 1.20892857
v 0.34277778 -0.15537598 1.20892857
v 0.39174603 -0.15167228 1.20892857
v 0.44071429 -0.14747475 1.20892857
v -0.43428571 -0.14554360 1.25357143
v -0.38603175 -0.14974113 1.25357143
v -0.33777778 -0.15344483 1.25357143
v -0.28952381 -0.15665471 1.25357143
v -0.24126984 -0.15937076 1.25357143
v -0.19301587 -0.16159298 1.25357143
v -0.14476190 -0.16332138 1.25357143
v -0.09650794 -0.16455594 1.25357143
v -0.04825397 -0.16529669 1.25357143
v 0.00000000 -0.16554360 1.25357143
v 0.04825397 -0.16529669 1.25357143
v 0.09650794 -0.16455594 1.25357143
v 0.14476190 -0.16332138 1.25357143
v 0.19301587 -0.16159298 1.25357143
v 0.24126984 -0.15937076 1.25357143
v 0.28952381 -0.15665471 1.25357143
v 0.33777778 -0.15344483 1.25357143
v 0.38603175 -0.14974113 1.25357143
v 0.43428571 -0.14554360 1.25357143
v -0.42785714 -0.14310259 1.29821429
v -0.38031746 -0.14730012 1.29821429
v -0.33277778 -0.15100382 1.29821429
v -0.28523810 -0.15421370 1.29821429
v -0.23769841 -0.15692975 1.29821429
v -0.19015873 -0.15915197 1.29821429
v -0.14261905 -0.16088037 1.29821429
v -0.09507937 -0.16211493 1.29821429
v -0.04753968 -0.16285568 1.29821429
v 0.00000000 -0.16310259 1.29821429
v 0.04753968 -0.16285568 1.29821429
v 0.09507937 -0.16211493 1.29821429
v 0.14261905 -0.16088037 1.29821429
v 0.19015873 -0.15915197 1.29821429
v 0.23769841 -0.15692975 1.29821429
v 0.28523810 -0.15421370 1.29821429
v 0.33277778 -0.15100382 1.29821429
v 0.38031746 -0.14730012 1.29821429
v 0.42785714 -0.14310259 1.29821429
v -0.42142857 -0.14018242 1.34285714
v -0.37460317 -0.14437995 1.34285714
v -0.32777778 -0.14808365 1.34285714
v -0.28095238 -0.15129353 1.34285714
v -0.23412698 -0.15400958 1.34285714
v -0.18730159 -0.15623180 1.34285714
v -0.14047619 -0.15796019 1.34285714
v -0.09365079 -0.15919476 1.34285714
v -0.04682540 -0.15993550 1.34285714
v 0.00000000 -0.16018242 1.34285714
v 0.04682540 -0.15993550 1.34285714
v 0.09365079 -0.15919476 1.34285714
v 0.14047619 -0.15796019 1.34285714
v 0.18730159 -0.15623180 1.34285714
v 0.23412698 -0.15400958 1.34285714
v 0.28095238 -0.15129353 1.34285714
v 0.32777778 -0.14808365 1.34285714
v 0.37460317 -0.14437995 1.34285714
v 0.42142857 -0.14018242 1.34285714
v -0.41500000 -0.13681981 1.38750000
v -0.36888889 -0.14101734 1.38750000
v -0.32277778 -0.14472104 1.38750000
v -0.27666667 -0.14793092 1.38750000
v -0.23055556 -0.15064697 1.38750000
v -0.18444444 -0.15286919 1.38750000
v -0.13833333 -0.15459758 1.38750000
v -0.09222222 -0.15583215 1.38750000
v -0.04611111 -0.15657289 1.38750000
v 0.00000000 -0.15681981 1.38750000
v 0.04611111 -0.15657289 1.38750000
v 0.09222222 -0.15583215 1.38750000
v 0.13833333 -0.15459758 1.38750000
v 0.18444444 -0.15286919 1.38750000
v 0.23055556 -0.15064697 1.38750000
v 0.27666667 -0.14793092 1.38750000
v 0.32277778 -0.14472104 1.38750000
v 0.36888889 -0.14101734 1.38750000
v 0.41500000 -0.13681981 1.38750000
v -0.40857143 -0.13305704 1.43214286
v -0.36317460 -0.13725457 1.43214286
v -0.31777778 -0.14095828 1.43214286
v -0.27238095 -0.14416815 1.43214286
v -0.22698413 -0.14688420 1.43214286
v -0.18158730 -0.14910642 1.43214286
v -0.13619048 -0.15083482 1.43214286
v -0.09079365 -0.15206939 1.43214286
v -0.04539683 -0.15281013 1.43214286
v 0.00000000 -0.15305704 1.43214286
v 0.04539683 -0.15281013 1.43214286
v 0.09079365 -0.15206939 1.43214286
v 0.13619048 -0.15083482 1.43214286
v 0.18158730 -0.14910642 1.43214286
v 0.22698413 -0.14688420 1.43214286
v 0.27238095 -0.14416815 1.43214286
v 0.31777778 -0.14095828 1.43214286
v 0.36317460 -0.13725457 1.43214286
v 0.40857143 -0.13305704 1.43214286
v -0.40214286 -0.12894144 1.47678571
v -0.35746032 -0.13313897 1.47678571
v -0.31277778 -0.13684268 1.47678571
v -0.26809524 -0.14005255 1.47678571
v -0.22341270 -0.14276860 1.47678571
v -0.17873016 -0.14499083 1.47678571
v -0.13404762 -0.14671922 1.47678571
v -0.08936508 -0.14795379 1.47678571
v -0.04468254 -0.14869453 1.47678571
v 0.00000000 -0.14894144 1.47678571
v 0.04468254 -0.14869453 1.47678571
v 0.08936508 -0.14795379 1.47678571
v 0.13404762 -0.14671922 1.47678571
v 0.17873016 -0.14499083 1.47678571
v 0.22341270 -0.14276860 1.47678571
v 0.26809524 -0.14005255 1.47678571
v 0.31277778 -0.13684268 1.47678571
v 0.35746032 -0.13313897 1.47678571
v 0.40214286 -0.12894144 1.47678571
v -0.39571429 -0.12452477 1.52142857
v -0.35174603 -0.12872230 1.52142857
v -0.30777778 -0.13242600 1.52142857
v -0.26380952 -0.13563588 1.52142857
v -0.21984127 -0.13835193 1.52142857
v -0.17587302 -0.14057415 1.52142857
v -0.13190476 -0.14230255 1.52142857
v -0.08793651 -0.14353711 1.52142857
v -0.04396825 -0.14427785 1.52142857
v 0.00000000 -0.14452477 1.52142857
v 0.04396825 -0.14427785 1.52142857
v 0.08793651 -0.14353711 1.52142857
v 0.13190476 -0.14230255 1.52142857
v 0.17587302 -0.14057415 1.52142857
v 0.21984127 -0.13835193 1.52142857
v 0.26380952 -0.13563588 1.52142857
v 0.30777778 -0.13242600 1.52142857
v 0.35174603 -0.12872230 1.52142857
v 0.39571429 -0.12452477 1.52142857
v -0.38928571 -0.11986256 1.56607143
v -0.34603175 -0.12406009 1.56607143
v -0.30277778 -0.12776379 1.56607143
v -0.25952381 -0.13097367 1.56607143
v -0.21626984 -0.13368972 1.56607143
v -0.17301587 -0.13591194 1.56607143
v -0.12976190 -0.13764034 1.56607143
v -0.08650794 -0.13887490 1.56607143
v -0.04325397 -0.13961564 1.56607143
v 0.00000000 -0.13986256 1.56607143
v 0.04325397 -0.13961564 1.56607143
v 0.08650794 -0.13887490 1.56607143
v 0.12976190 -0.13764034 1.56607143
v 0.17301587 -0.13591194 1.56607143
v 0.21626984 -0.13368972 1.56607143
v 0.25952381 -0.13097367 1.56607143
v 0.30277778 -0.12776379 1.56607143
v 0.34603175 -0.12406009 1.56607143
v 0.38928571 -0.11986256 1.56607143
v -0.38285714 -0.11501344 1.61071429
v -0.34031746 -0.11921097 1.61071429
v -0.29777778 -0.12291468 1.61071429
v -0.25523810 -0.12612455 1.61071429
v -0.21269841 -0.12884060 1.61071429
v -0.17015873 -0.13106282 1.61071429
v -0.12761905 -0.13279122 1.61071429
v -0.08507937 -0.13402579 1.61071429
v -0.04253968 -0.13476653 1.61071429
v 0.00000000 -0.13501344 1.61071429
v 0.04253968 -0.13476653 1.61071429
v 0.08507937 -0.13402579 1.61071429
v 0.12761905 -0.13279122 1.61071429
v 0.17015873 -0.13106282 1.61071429
v 0.21269841 -0.12884060 1.61071429
v 0.25523810 -0.12612455 1.61071429
v 0.29777778 -0.12291468 1.61071429
v 0.34031746 -0.11921097 1.61071429
v 0.38285714 -0.11501344 1.61071429
v -0.37642857 -0.11003840 1.65535714
v -0.33460317 -0.11423593 1.65535714
v -0.29277778 -0.11793964 1.65535714
v -0.25095238 -0.12114951 1.65535714
v -0.20912698 -0.12386556 1.65535714
v -0.16730159 -0.12608778 1.65535714
v -0.12547619 -0.12781618 1.65535714
v -0.08365079 -0.12905075 1.65535714
v -0.04182540 -0.12979149 1.65535714
v 0.00000000 -0.13003840 1.65535714
v 0.04182540 -0.12979149 1.65535714
v 0.08365079 -0.12905075 1.65535714
v 0.12547619 -0.12781618 1.65535714
v 0.16730159 -0.12608778 1.65535714
v 0.20912698 -0.12386556 1.65535714
v 0.25095238 -0.12114951 1.65535714
v 0.29277778 -0.11793964 1.65535714
v 0.33460317 -0.11423593 1.65535714
v 0.37642857 -0.11003840 1.65535714
v -0.37000000 -0.10500000 1.70000000
v -0.32888889 -0.10919753 1.70000000
v -0.28777778 -0.11290123 1.70000000
v -0.24666667 -0.11611111 1.70000000
v -0.20555556 -0.11882716 1.70000000
v -0.16444444 -0.12104938 1.70000000
v -0.12333333 -0.12277778 1.70000000
v -0.08222222 -0.12401235 1.70000000
v -0.04111111 -0.12475309 1.70000000
v 0.00000000 -0.12500000 1.70000000
v 0.04111111 -0.12475309 1.70000000
v 0.08222222 -0.12401235 1.70000000
v 0.12333333 -0.12277778 1.70000000
v 0.16444444 -0.12104938 1.70000000
v 0.20555556 -0.11882716 1.70000000
v 0.24666667 -0.11611111 1.70000000
v 0.28777778 -0.11290123 1.70000000
v 0.32888889 -0.10919753 1.70000000
v 0.37000000 -0.10500000 1.70000000
vt 0.05000000 0.05000000
vt 0.10000000 0.05000000
vt 0.15000000 0.05000000
vt 0.20000000 0.05000000
vt 0.25000000 0.05000000
vt 0.30000000 0.05000000
vt 0.35000000 0.05000000
vt 0.40000000 0.05000000
vt 0.45000000 0.05000000
vt 0.50000000 0.05000000
vt 0.55000000 0.05000000
vt 0.60000000 0.05000000
vt 0.65000000 0.05000000
vt 0.70000000 0.05000000
vt 0.75000000 0.05000000
vt 0.80000000 0.05000000
vt 0.85000000 0.05000000
vt 0.90000000 0.05000000
vt 0.95000000 0.05000000
vt 0.05000000 0.06607143
vt 0.10000000 0.06607143
vt 0.15000000 0.06607143
vt 0.20000000 0.06607143
vt 0.25000000 0.06607143
vt 0.30000000 0.06607143
vt 0.35000000 0.06607143
vt 0.40000000 0.06607143
vt 0.45000000 0.06607143
vt 0.50000000 0.06607143
vt 0.55000000 0.06607143
vt 0.60000000 0.06607143
vt 0.65000000 0.06607143
vt 0.70000000 0.06607143
vt 0.75000000 0.06607143
vt 0.80000000 0.06607143
vt 0.85000000 0.06607143
vt 0.90000000 0.06607143
vt 0.95000000 0.06607143
vt 0.05000000 0.08214286
vt 0.10000000 0.08214286
vt 0.15000000 0.08214286
vt 0.20000000 0.08214286
vt 0.25000000 0.08214286
vt 0.30000000 0.08214286
vt 0.35000000 0.08214286
vt 0.40000000 0.08214286
vt 0.45000000 0.08214286
vt 0.50000000 0.08214286
vt 0.55000000 0.08214286
vt 0.60000000 0.08214286
vt 0.65000000 0.08214286
vt 0.70000000 0.08214286
vt 0.75000000 0.08214286
vt 0.80000000 0.08214286
vt 0.85000000 0.08214286
vt 0.90000000 0.08214286
vt 0.95000000 0.08214286
vt 0.05000000 0.09821429
vt 0.10000000 0.09821429
vt 0.15000000 0.09821429
vt 0.20000000 0.09821429
vt 0.25000000 0.09821429
vt 0.30000000 0.09821429
vt 0.35000000 0.09821429
vt 0.40000000 0.09821429
vt 0.45000000 0.09821429
vt 0.50000000 0.09821429
vt 0.55000000 0.09821429
vt 0.60000000 0.09821429
vt 0.65000000 0.09821429
vt 0.70000000 0.09821429
vt 0.75000000 0.09821429
vt 0.80000000 0.09821429
vt 0.85000000 0.09821429
vt 0.90000000 0.09821429
vt 0.95000000 0.09821429
vt 0.05000000 0.11428571
vt 0.10000000 0.11428571
vt 0.15000000 0.11428571
vt 0.20000000 0.11428571
vt 0.25000000 0.11428571
vt 0.30000000 0.11428571
vt 0.35000000 0.11428571
vt 0.40000000 0.11428571
vt 0.45000000 0.11428571
vt 0.50000000 0.11428571
vt 0.55000000 0.11428571
vt 0.60000000 0.11428571
vt 0.65000000 0.11428571
vt 0.70000000 0.11428571
vt 0.75000000 0.11428571
vt 0.80000000 0.11428571
vt 0.85000000 0.11428571
vt 0.90000000 0.11428571
vt 0.95000000 0.11428571
vt 0.05000000 0.13035714
vt 0.10000000 0.13035714
vt 0.15000000 0.13035714
vt 0.20000000 0.13035714
vt 0.25000000 0.13035714
vt 0.30000000 0.13035714
vt 0.35000000 0.13035714
vt 0.40000000 0.13035714
vt 0.45000000 0.13035714
vt 0.50000000 0.13035714
vt 0.55000000 0.13035714
vt 0.60000000 0.13035714
vt 0.65000000 0.13035714
vt 0.70000000 0.13035714
vt 0.75000000 0.13035714
vt 0.80000000 0.13035714
vt 0.85000000 0.13035714
vt 0.90000000 0.13035714
vt 0.95000000 0.13035714
vt 0.05000000 0.14642857
vt 0.10000000 0.14642857
vt 0.15000000 0.14642857
vt 0.20000000 0.14642857
vt 0.25000000 0.14642857
vt 0.30000000 0.14642857
vt 0.35000000 0.14642857
vt 0.40000000 0.14642857
vt 0.45000000 0.14642857
vt 0.50000000 0.14642857
vt 0.55000000 0.14642857
vt 0.60000000 0.14642857
vt 0.65000000 0.14642857
vt 0.70000000 0.14642857
vt 0.75000000 0.14642857
vt 0.80000000 0.14642857
vt 0.85000000 0.14642857
vt 0.90000000 0.14642857
vt 0.95000000 0.14642857
vt 0.05000000 0.16250000
vt 0.10000000 0.16250000
vt 0.15000000 0.16250000
vt 0.20000000 0.16250000
vt 0.25000000 0.16250000
vt 0.30000000 0.16250000
vt 0.35000000 0.16250000
vt 0.40000000 0.16250000
vt 0.45000000 0.16250000
vt 0.50000000 0.16250000
vt 0.55000000 0.16250000
vt 0.60000000 0.16250000
vt 0.65000000 0.16250000
vt 0.70000000 0.16250000
vt 0.75000000 0.16250000
vt 0.80000000 0.16250000
vt 0.85000000 0.16250000
vt 0.90000000 0.16250000
vt 0.95000000 0.16250000
vt 0.05000000 0.17857143
vt 0.10000000 0.17857143
vt 0.15000000 0.17857143
vt 0.20000000 0.17857143
vt 0.25000000 0.17857143
vt 0.30000000 0.17857143
vt 0.35000000 0.17857143
vt 0.40000000 0.17857143
vt 0.45000000 0.17857143
vt 0.50000000 0.17857143
vt 0.55000000 0.17857143
vt 0.60000000 0.17857143
vt 0.65000000 0.17857143
vt 0.70000000 0.17857143
vt 0.75000000 0.17857143
vt 0.80000000 0.17857143
vt 0.85000000 0.17857143
vt 0.90000000 0.17857143
vt 0.95000000 0.17857143
vt 0.05000000 0.19464286
vt 0.10000000 0.19464286
vt 0.15000000 0.19464286
vt 0.20000000 0.19464286
vt 0.25000000 0.19464286
vt 0.30000000 0.19464286
vt 0.35000000 0.19464286
vt 0.40000000 0.19464286
vt 0.45000000 0.19464286
vt 0.50000000 0.19464286
vt 0.55000000 0.19464286
vt 0.60000000 0.19464286
vt 0.65000000 0.19464286
vt 0.70000000 0.19464286
vt 0.75000000 0.19464286
vt 0.80000000 0.19464286
vt 0.85000000 0.19464286
vt 0.90000000 0.19464286
vt 0.95000000 0.19464286
vt 0.05000000 0.21071429
vt 0.10000000 0.21071429
vt 0.15000000 0.21071429
vt 0.20000000 0.21071429
vt 0.25000000 0.21071429
vt 0.30000000 0.21071429
vt 0.35000000 0.21071429
vt 0.40000000 0.21071429
vt 0.45000000 0.21071429
vt 0.50000000 0.21071429
vt 0.55000000 0.21071429
vt 0.60000000 0.21071429
vt 0.65000000 0.21071429
vt 0.70000000 0.21071429
vt 0.75000000 0.21071429
vt 0.80000000 0.21071429
vt 0.85000000 0.21071429
vt 0.90000000 0.21071429
vt 0.95000000 0.21071429
vt 0.05000000 0.22678571
vt 0.10000000 0.22678571
vt 0.15000000 0.22678571
vt 0.20000000 0.22678571
vt 0.25000000 0.22678571
vt 0.30000000 0.22678571
vt 0.35000000 0.22678571
vt 0.40000000 0.22678571
vt 0.45000000 0.22678571
vt 0.50000000 0.22678571
vt 0.55000000 0.22678571
vt 0.60000000 0.22678571
vt 0.65000000 0.22678571
vt 0.70000000 0.22678571
vt 0.75000000 0.22678571
vt 0.80000000 0.22678571
vt 0.85000000 0.22678571
vt 0.90000000 0.22678571
vt 0.95000000 0.22678571
vt 0.05000000 0.24285714
vt 0.10000000 0.24285714
vt 0.15000000 0.24285714
vt 0.20000000 0.24285714
vt 0.25000000 0.24285714
vt 0.30000000 0.24285714
vt 0.35000000 0.24285714
vt 0.40000000 0.24285714
vt 0.45000000 0.24285714
vt 0.50000000 0.24285714
vt 0.55000000 0.24285714
vt 0.60000000 0.24285714
vt 0.65000000 0.24285714
vt 0.70000000 0.24285714
vt 0.75000000 0.24285714
vt 0.80000000 0.24285714
vt 0.85000000 0.24285714
vt 0.90000000 0.24285714
vt 0.95000000 0.24285714
vt 0.05000000 0.25892857
vt 0.10000000 0.25892857
vt 0.15000000 0.25892857
vt 0.20000000 0.25892857
vt 0.25000000 0.25892857
vt 0.30000000 0.25892857
vt 0.35000000 0.25892857
vt 0.40000000 0.25892857
vt 0.45000000 0.25892857
vt 0.50000000 0.25892857
vt 0.55000000 0.25892857
vt 0.60000000 0.25892857
vt 0.65000000 0.25892857
vt 0.70000000 0.25892857
vt 0.75000000 0.25892857
vt 0.80000000 0.25892857
vt 0.85000000 0.25892857
vt 0.90000000 0.25892857
vt 0.95000000 0.25892857
vt 0.05000000 0.27500000
vt 0.10000000 0.27500000
vt 0.15000000 0.27500000
vt 0.20000000 0.27500000
vt 0.25000000 0.27500000
vt 0.30000000 0.27500000
vt 0.35000000 0.27500000
vt 0.40000000 0.27500000
vt 0.45000000 0.27500000
vt 0.50000000 0.27500000
vt 0.55000000 0.27500000
vt 0.60000000 0.27500000
vt 0.65000000 0.27500000
vt 0.70000000 0.27500000
vt 0.75000000 0.27500000
vt 0.80000000 0.27500000
vt 0.85000000 0.27500000
vt 0.90000000 0.27500000
vt 0.95000000 0.27500000
vt 0.05000000 0.29107143
vt 0.10000000 0.29107143
vt 0.15000000 0.29107143
vt 0.20000000 0.29107143
vt 0.25000000 0.29107143
vt 0.30000000 0.29107143
vt 0.35000000 0.29107143
vt 0.40000000 0.29107143
vt 0.45000000 0.29107143
vt 0.50000000 0.29107143
vt 0.55000000 0.29107143
vt 0.60000000 0.29107143
vt 0.65000000 0.29107143
vt 0.70000000 0.29107143
vt 0.75000000 0.29107143
vt 0.80000000 0.29107143
vt 0.85000000 0.29107143
vt 0.90000000 0.29107143
vt 0.95000000 0.29107143
vt 0.05000000 0.30714286
vt 0.10000000 0.30714286
vt 0.15000000 0.30714286
vt 0.20000000 0.30714286
vt 0.25000000 0.30714286
vt 0.30000000 0.30714286
vt 0.35000000 0.30714286
vt 0.40000000 0.30714286
vt 0.45000000 0.30714286
vt 0.50000000 0.30714286
vt 0.55000000 0.30714286
vt 0.60000000 0.30714286
vt 0.65000000 0.30714286
vt 0.70000000 0.30714286
vt 0.75000000 0.30714286
vt 0.80000000 0.30714286
vt 0.85000000 0.30714286
vt 0.90000000 0.30714286
vt 0.95000000 0.30714286
vt 0.05000000 0.32321429
vt 0.10000000 0.32321429
vt 0.15000000 0.32321429
vt 0.20000000 0.32321429
vt 0.25000000 0.32321429
vt 0.30000000 0.32321429
vt 0.35000000 0.32321429
vt 0.40000000 0.32321429
vt 0.45000000 0.32321429
vt 0.50000000 0.32321429
vt 0.55000000 0.32321429
vt 0.60000000 0.32321429
vt 0.65000000 0.32321429
vt 0.70000000 0.32321429
vt 0.75000000 0.32321429
vt 0.80000000 0.32321429
vt 0.85000000 0.32321429
vt 0.90000000 0.32321429
vt 0.95000000 0.32321429
vt 0.05000000 0.33928571
vt 0.10000000 0.33928571
vt 0.15000000 0.33928571
vt 0.20000000 0.33928571
vt 0.25000000 0.33928571
vt 0.30000000 0.33928571
vt 0.35000000 0.33928571
vt 0.40000000 0.33928571
vt 0.45000000 0.33928571
vt 0.50000000 0.33928571
vt 0.55000000 0.33928571
vt 0.60000000 0.33928571
vt 0.65000000 0.33928571
vt 0.70000000 0.33928571
vt 0.75000000 0.33928571
vt 0.80000000 0.33928571
vt 0.85000000 0.33928571
vt 0.90000000 0.33928571
vt 0.95000000 0.33928571
vt 0.05000000 0.35535714
vt 0.10000000 0.35535714
vt 0.15000000 0.35535714
vt 0.20000000 0.35535714
vt 0.25000000 0.35535714
vt 0.30000000 0.35535714
vt 0.35000000 0.35535714
vt 0.40000000 0.35535714
vt 0.45000000 0.35535714
vt 0.50000000 0.35535714
vt 0.55000000 0.35535714
vt 0.60000000 0.35535714
vt 0.65000000 0.35535714
vt 0.70000000 0.35535714
vt 0.75000000 0.35535714
vt 0.80000000 0.35535714
vt 0.85000000 0.35535714
vt 0.90000000 0.35535714
vt 0.95000000 0.35535714
vt 0.05000000 0.37142857
vt 0.10000000 0.37142857
vt 0.15000000 0.37142857
vt 0.20000000 0.37142857
vt 0.25000000 0.37142857
vt 0.30000000 0.37142857
vt 0.35000000 0.37142857
vt 0.40000000 0.37142857
vt 0.45000000 0.37142857
vt 0.50000000 0.37142857
vt 0.55000000 0.37142857
vt 0.60000000 0.37142857
vt 0.65000000 0.37142857
vt 0.70000000 0.37142857
vt 0.75000000 0.37142857
vt 0.80000000 0.37142857
vt 0.85000000 0.37142857
vt 0.90000000 0.37142857
vt 0.95000000 0.37142857
vt 0.05000000 0.38750000
vt 0.10000000 0.38750000
vt 0.15000000 0.38750000
vt 0.20000000 0.38750000
vt 0.25000000 0.38750000
vt 0.30000000 0.38750000
vt 0.35000000 0.38750000
vt 0.40000000 0.38750000
vt 0.45000000 0.38750000
vt 0.50000000 0.38750000
vt 0.55000000 0.38750000
vt 0.60000000 0.38750000
vt 0.65000000 0.38750000
vt 0.70000000 0.38750000
vt 0.75000000 0.38750000
vt 0.80000000 0.38750000
vt 0.85000000 0.38750000
vt 0.90000000 0.38750000
vt 0.95000000 0.38750000
vt 0.05000000 0.40357143
vt 0.10000000 0.40357143
vt 0.15000000 0.40357143
vt 0.20000000 0.40357143
vt 0.25000000 0.40357143
vt 0.30000000 0.40357143
vt 0.35000000 0.40357143
vt 0.40000000 0.40357143
vt 0.45000000 0.40357143
vt 0.50000000 0.40357143
vt 0.55000000 0.40357143
vt 0.60000000 0.40357143
vt 0.65000000 0.40357143
vt 0.70000000 0.40357143
vt 0.75000000 0.40357143
vt 0.80000000 0.40357143
vt 0.85000000 0.40357143
vt 0.90000000 0.40357143
vt 0.95000000 0.40357143
vt 0.05000000 0.41964286
vt 0.10000000 0.41964286
vt 0.15000000 0.41964286
vt 0.20000000 0.41964286
vt 0.25000000 0.41964286
vt 0.30000000 0.41964286
vt 0.35000000 0.41964286
vt 0.40000000 0.41964286
vt 0.45000000 0.41964286
vt 0.50000000 0.41964286
vt 0.55000000 0.41964286
vt 0.60000000 0.41964286
vt 0.65000000 0.41964286
vt 0.70000000 0.41964286
vt 0.75000000 0.41964286
vt 0.80000000 0.41964286
vt 0.85000000 0.41964286
vt 0.90000000 0.41964286
vt 0.95000000 0.41964286
vt 0.05000000 0.43571429
vt 0.10000000 0.43571429
vt 0.15000000 0.43571429
vt 0.20000000 0.43571429
vt 0.25000000 0.43571429
vt 0.30000000 0.43571429
vt 0.35000000 0.43571429
vt 0.40000000 0.43571429
vt 0.45000000 0.43571429
vt 0.50000000 0.43571429
vt 0.55000000 0.43571429
vt 0.60000000 0.43571429
vt 0.65000000 0.43571429
vt 0.70000000 0.43571429
vt 0.75000000 0.43571429
vt 0.80000000 0.43571429
vt 0.85000000 0.43571429
vt 0.90000000 0.43571429
vt 0.95000000 0.43571429
vt 0.05000000 0.45178571
vt 0.10000000 0.45178571
vt 0.15000000 0.45178571
vt 0.20000000 0.45178571
vt 0.25000000 0.45178571
vt 0.30000000 0.45178571
vt 0.35000000 0.45178571
vt 0.40000000 0.45178571
vt 0.45000000 0.45178571
vt 0.50000000 0.45178571
vt 0.55000000 0.45178571
vt 0.60000000 0.45178571
vt 0.65000000 0.45178571
vt 0.70000000 0.45178571
vt 0.75000000 0.45178571
vt 0.80000000 0.45178571
vt 0.85000000 0.45178571
vt 0.90000000 0.45178571
vt 0.95000000 0.45178571
vt 0.05000000 0.46785714
vt 0.10000000 0.46785714
vt 0.15000000 0.46785714
vt 0.20000000 0.46785714
vt 0.25000000 0.46785714
vt 0.30000000 0.46785714
vt 0.35000000 0.46785714
vt 0.40000000 0.46785714
vt 0.45000000 0.46785714
vt 0.50000000 0.46785714
vt 0.55000000 0.46785714
vt 0.60000000 0.46785714
vt 0.65000000 0.46785714
vt 0.70000000 0.46785714
vt 0.75000000 0.46785714
vt 0.80000000 0.46785714
vt 0.85000000 0.46785714
vt 0.90000000 0.46785714
vt 0.95000000 0.46785714
vt 0.05000000 0.48392857
vt 0.10000000 0.48392857
vt 0.15000000 0.48392857
vt 0.20000000 0.48392857
vt 0.25000000 0.48392857
vt 0.30000000 0.48392857
vt 0.35000000 0.48392857
vt 0.40000000 0.48392857
vt 0.45000000 0.48392857
vt 0.50000000 0.48392857
vt 0.55000000 0.48392857
vt 0.60000000 0.48392857
vt 0.65000000 0.48392857
vt 0.70000000 0.48392857
vt 0.75000000 0.48392857
vt 0.80000000 0.48392857
vt 0.85000000 0.48392857
vt 0.90000000 0.48392857
vt 0.95000000 0.48392857
vt 0.05000000 0.50000000
vt 0.10000000 0.50000000
vt 0.15000000 0.50000000
vt 0.20000000 0.50000000
vt 0.25000000 0.50000000
vt 0.30000000 0.50000000
vt 0.35000000 0.50000000
vt 0.40000000 0.50000000
vt 0.45000000 0.50000000
vt 0.50000000 0.50000000
vt 0.55000000 0.50000000
vt 0.60000000 0.50000000
vt 0.65000000 0.50000000
vt 0.70000000 0.50000000
vt 0.75000000 0.50000000
vt 0.80000000 0.50000000
vt 0.85000000 0.50000000
vt 0.90000000 0.50000000
vt 0.95000000 0.50000000
vt 0.95000000 0.55000000
vt 0.90000000 0.55000000
vt 0.85000000 0.55000000
vt 0.80000000 0.55000000
vt 0.75000000 0.55000000
vt 0.70000000 0.55000000
vt 0.65000000 0.55000000
vt 0.60000000 0.55000000
vt 0.55000000 0.55000000
vt 0.50000000 0.55000000
vt 0.45000000 0.55000000
vt 0.40000000 0.55000000
vt 0.35000000 0.55000000
vt 0.30000000 0.55000000
vt 0.25000000 0.55000000
vt 0.20000000 0.55000000
vt 0.15000000 0.55000000
vt 0.10000000 0.55000000
vt 0.05000000 0.55000000
vt 0.95000000 0.56607143
vt 0.90000000 0.56607143
vt 0.85000000 0.56607143
vt 0.80000000 0.56607143
vt 0.75000000 0.56607143
vt 0.70000000 0.56607143
vt 0.65000000 0.56607143
vt 0.60000000 0.56607143
vt 0.55000000 0.56607143
vt 0.50000000 0.56607143
vt 0.45000000 0.56607143
vt 0.40000000 0.56607143
vt 0.35000000 0.56607143
vt 0.30000000 0.56607143
vt 0.25000000 0.56607143
vt 0.20000000 0.56607143
vt 0.15000000 0.56607143
vt 0.10000000 0.56607143
vt 0.05000000 0.56607143
vt 0.95000000 0.58214286
vt 0.90000000 0.58214286
vt 0.85000000 0.58214286
vt 0.80000000 0.58214286
vt 0.75000000 0.58214286
vt 0.70000000 0.58214286
vt 0.65000000 0.58214286
vt 0.60000000 0.58214286
vt 0.55000000 0.58214286
vt 0.50000000 0.58214286
vt 0.45000000 0.58214286
vt 0.40000000 0.58214286
vt 0.35000000 0.58214286
vt 0.30000000 0.58214286
vt 0.25000000 0.58214286
vt 0.20000000 0.58214286
vt 0.15000000 0.58214286
vt 0.10000000 0.58214286
vt 0.05000000 0.58214286
vt 0.95000000 0.59821429
vt 0.90000000 0.59821429
vt 0.85000000 0.59821429
vt 0.80000000 0.59821429
vt 0.75000000 0.59821429
vt 0.70000000 0.59821429
vt 0.65000000 0.59821429
vt 0.60000000 0.59821429
vt 0.55000000 0.59821429
vt 0.50000000 0.59821429
vt 0.45000000 0.59821429
vt 0.40000000 0.59821429
vt 0.35000000 0.59821429
vt 0.30000000 0.59821429
vt 0.25000000 0.59821429
vt 0.20000000 0.59821429
vt 0.15000000 0.59821429
vt 0.10000000 0.59821429
vt 0.05000000 0.59821429
vt 0.95000000 0.61428571
vt 0.90000000 0.61428571
vt 0.85000000 0.61428571
vt 0.80000000 0.61428571
vt 0.75000000 0.61428571
vt 0.70000000 0.61428571
vt 0.65000000 0.61428571
vt 0.60000000 0.61428571
vt 0.55000000 0.61428571
vt 0.50000000 0.61428571
vt 0.45000000 0.61428571
vt 0.40000000 0.61428571
vt 0.35000000 0.61428571
vt 0.30000000 0.61428571
vt 0.25000000 0.61428571
vt 0.20000000 0.61428571
vt 0.15000000 0.61428571
vt 0.10000000 0.61428571
vt 0.05000000 0.61428571
vt 0.95000000 0.63035714
vt 0.90000000 0.63035714
vt 0.85000000 0.63035714
vt 0.80000000 0.63035714
vt 0.75000000 0.63035714
vt 0.70000000 0.63035714
vt 0.65000000 0.63035714
vt 0.60000000 0.63035714
vt 0.55000000 0.63035714
vt 0.50000000 0.63035714
vt 0.45000000 0.63035714
vt 0.40000000 0.63035714
vt 0.35000000 0.63035714
vt 0.30000000 0.63035714
vt 0.25000000 0.63035714
vt 0.20000000 0.63035714
vt 0.15000000 0.63035714
vt 0.10000000 0.63035714
vt 0.05000000 0.63035714
vt 0.95000000 0.64642857
vt 0.90000000 0.64642857
vt 0.85000000 0.64642857
vt 0.80000000 0.64642857
vt 0.75000000 0.64642857
vt 0.70000000 0.64642857
vt 0.65000000 0.64642857
vt 0.60000000 0.64642857
vt 0.55000000 0.64642857
vt 0.50000000 0.64642857
vt 0.45000000 0.64642857
vt 0.40000000 0.64642857
vt 0.35000000 0.64642857
vt 0.30000000 0.64642857
vt 0.25000000 0.64642857
vt 0.20000000 0.64642857
vt 0.15000000 0.64642857
vt 0.10000000 0.64642857
vt 0.05000000 0.64642857
vt 0.95000000 0.66250000
vt 0.90000000 0.66250000
vt 0.85000000 0.66250000
vt 0.80000000 0.66250000
vt 0.75000000 0.66250000
vt 0.70000000 0.66250000
vt 0.65000000 0.66250000
vt 0.60000000 0.66250000
vt 0.55000000 0.66250000
vt 0.50000000 0.66250000
vt 0.45000000 0.66250000
vt 0.40000000 0.66250000
vt 0.35000000 0.66250000
vt 0.30000000 0.66250000
vt 0.25000000 0.66250000
vt 0.20000000 0.66250000
vt 0.15000000 0.66250000
vt 0.10000000 0.66250000
vt 0.05000000 0.66250000
vt 0.95000000 0.67857143
vt 0.90000000 0.67857143
vt 0.85000000 0.67857143
vt 0.80000000 0.67857143
vt 0.75000000 0.67857143
vt 0.70000000 0.67857143
vt 0.65000000 0.67857143
vt 0.60000000 0.67857143
vt 0.55000000 0.67857143
vt 0.50000000 0.67857143
vt 0.45000000 0.67857143
vt 0.40000000 0.67857143
vt 0.35000000 0.67857143
vt 0.30000000 0.67857143
vt 0.25000000 0.67857143
vt 0.20000000 0.67857143
vt 0.15000000 0.67857143
vt 0.10000000 0.67857143
vt 0.05000000 0.67857143
vt 0.95000000 0.69464286
vt 0.90000000 0.69464286
vt 0.85000000 0.69464286
vt 0.80000000 0.69464286
vt 0.75000000 0.69464286
vt 0.70000000 0.69464286
vt 0.65000000 0.69464286
vt 0.60000000 0.69464286
vt 0.55000000 0.69464286
vt 0.50000000 0.69464286
vt 0.45000000 0.69464286
vt 0.40000000 0.69464286
vt 0.35000000 0.69464286
vt 0.30000000 0.69464286
vt 0.25000000 0.69464286
vt 0.20000000 0.69464286
vt 0.15000000 0.69464286
vt 0.10000000 0.69464286
vt 0.05000000 0.69464286
vt 0.95000000 0.71071429
vt 0.90000000 0.71071429
vt 0.85000000 0.71071429
vt 0.80000000 0.71071429
vt 0.75000000 0.71071429
vt 0.70000000 0.71071429
vt 0.65000000 0.71071429
vt 0.60000000 0.71071429
vt 0.55000000 0.71071429
vt 0.50000000 0.71071429
vt 0.45000000 0.71071429
vt 0.40000000 0.71071429
vt 0.35000000 0.71071429
vt 0.30000000 0.71071429
vt 0.25000000 0.71071429
vt 0.20000000 0.71071429
vt 0.15000000 0.71071429
vt 0.10000000 0.71071429
vt 0.05000000 0.71071429
vt 0.95000000 0.72678571
vt 0.90000000 0.72678571
vt 0.85000000 0.72678571
vt 0.80000000 0.72678571
vt 0.75000000 0.72678571
vt 0.70000000 0.72678571
vt 0.65000000 0.72678571
vt 0.60000000 0.72678571
vt 0.55000000 0.72678571
vt 0.50000000 0.72678571
vt 0.45000000 0.72678571
vt 0.40000000 0.72678571
vt 0.35000000 0.72678571
vt 0.30000000 0.72678571
vt 0.25000000 0.72678571
vt 0.20000000 0.72678571
vt 0.15000000 0.72678571
vt 0.10000000 0.72678571
vt 0.05000000 0.72678571
vt 0.95000000 0.74285714
vt 0.90000000 0.74285714
vt 0.85000000 0.74285714
vt 0.80000000 0.74285714
vt 0.75000000 0.74285714
vt 0.70000000 0.74285714
vt 0.65000000 0.74285714
vt 0.60000000 0.74285714
vt 0.55000000 0.74285714
vt 0.50000000 0.74285714
vt 0.45000000 0.74285714
vt 0.40000000 0.74285714
vt 0.35000000 0.74285714
vt 0.30000000 0.74285714
vt 0.25000000 0.74285714
vt 0.20000000 0.74285714
vt 0.15000000 0.74285714
vt 0.10000000 0.74285714
vt 0.05000000 0.74285714
vt 0.95000000 0.75892857
vt 0.90000000 0.75892857
vt 0.85000000 0.75892857
vt 0.80000000 0.75892857
vt 0.75000000 0.75892857
vt 0.70000000 0.75892857
vt 0.65000000 0.75892857
vt 0.60000000 0.75892857
vt 0.55000000 0.75892857
vt 0.50000000 0.75892857
vt 0.45000000 0.75892857
vt 0.40000000 0.75892857
vt 0.35000000 0.75892857
vt 0.30000000 0.75892857
vt 0.25000000 0.75892857
vt 0.20000000 0.75892857
vt 0.15000000 0.75892857
vt 0.10000000 0.75892857
vt 0.05000000 0.75892857
vt 0.95000000 0.77500000
vt 0.90000000 0.77500000
vt 0.85000000 0.77500000
vt 0.80000000 0.77500000
vt 0.75000000 0.77500000
vt 0.70000000 0.77500000
vt 0.65000000 0.77500000
vt 0.60000000 0.77500000
vt 0.55000000 0.77500000
vt 0.50000000 0.77500000
vt 0.45000000 0.77500000
vt 0.40000000 0.77500000
vt 0.35000000 0.77500000
vt 0.30000000 0.77500000
vt 0.25000000 0.77500000
vt 0.20000000 0.77500000
vt 0.15000000 0.77500000
vt 0.10000000 0.77500000
vt 0.05000000 0.77500000
vt 0.95000000 0.79107143
vt 0.90000000 0.79107143
vt 0.85000000 0.79107143
vt 0.80000000 0.79107143
vt 0.75000000 0.79107143
vt 0.70000000 0.79107143
vt 0.65000000 0.79107143
vt 0.60000000 0.79107143
vt 0.55000000 0.79107143
vt 0.50000000 0.79107143
vt 0.45000000 0.79107143
vt 0.40000000 0.79107143
vt 0.35000000 0.79107143
vt 0.30000000 0.79107143
vt 0.25000000 0.79107143
vt 0.20000000 0.79107143
vt 0.15000000 0.79107143
vt 0.10000000 0.79107143
vt 0.05000000 0.79107143
vt 0.95000000 0.80714286
vt 0.90000000 0.80714286
vt 0.85000000 0.80714286
vt 0.80000000 0.80714286
vt 0.75000000 0.80714286
vt 0.70000000 0.80714286
vt 0.65000000 0.80714286
vt 0.60000000 0.80714286
vt 0.55000000 0.80714286
vt 0.50000000 0.80714286
vt 0.45000000 0.80714286
vt 0.40000000 0.80714286
vt 0.35000000 0.80714286
vt 0.30000000 0.80714286
vt 0.25000000 0.80714286
vt 0.20000000 0.80714286
vt 0.15000000 0.80714286
vt 0.10000000 0.80714286
vt 0.05000000 0.80714286
vt 0.95000000 0.82321429
vt 0.90000000 0.82321429
vt 0.85000000 0.82321429
vt 0.80000000 0.82321429
vt 0.75000000 0.82321429
vt 0.70000000 0.82321429
vt 0.65000000 0.82321429
vt 0.60000000 0.82321429
vt 0.55000000 0.82321429
vt 0.50000000 0.82321429
vt 0.45000000 0.82321429
vt 0.40000000 0.82321429
vt 0.35000000 0.82321429
vt 0.30000000 0.82321429
vt 0.25000000 0.82321429
vt 0.20000000 0.82321429
vt 0.15000000 0.82321429
vt 0.10000000 0.82321429
vt 0.05000000 0.82321429
vt 0.95000000 0.83928571
vt 0.90000000 0.83928571
vt 0.85000000 0.83928571
vt 0.80000000 0.83928571
vt 0.75000000 0.83928571
vt 0.70000000 0.83928571
vt 0.65000000 0.83928571
vt 0.60000000 0.83928571
vt 0.55000000 0.83928571
vt 0.50000000 0.83928571
vt 0.45000000 0.83928571
vt 0.40000000 0.83928571
vt 0.35000000 0.83928571
vt 0.30000000 0.83928571
vt 0.25000000 0.83928571
vt 0.20000000 0.83928571
vt 0.15000000 0.83928571
vt 0.10000000 0.83928571
vt 0.05000000 0.83928571
vt 0.95000000 0.85535714
vt 0.90000000 0.85535714
vt 0.85000000 0.85535714
vt 0.80000000 0.85535714
vt 0.75000000 0.85535714
vt 0.70000000 0.85535714
vt 0.65000000 0.85535714
vt 0.60000000 0.85535714
vt 0.55000000 0.85535714
vt 0.50000000 0.85535714
vt 0.45000000 0.85535714
vt 0.40000000 0.85535714
vt 0.35000000 0.85535714
vt 0.30000000 0.85535714
vt 0.25000000 0.85535714
vt 0.20000000 0.85535714
vt 0.15000000 0.85535714
vt 0.10000000 0.85535714
vt 0.05000000 0.85535714
vt 0.95000000 0.87142857
vt 0.90000000 0.87142857
vt 0.85000000 0.87142857
vt 0.80000000 0.87142857
vt 0.75000000 0.87142857
vt 0.70000000 0.87142857
vt 0.65000000 0.87142857
vt 0.60000000 0.87142857
vt 0.55000000 0.87142857
vt 0.50000000 0.87142857
vt 0.45000000 0.87142857
vt 0.40000000 0.87142857
vt 0.35000000 0.87142857
vt 0.30000000 0.87142857
vt 0.25000000 0.87142857
vt 0.20000000 0.87142857
vt 0.15000000 0.87142857
vt 0.10000000 0.87142857
vt 0.05000000 0.87142857
vt 0.95000000 0.88750000
vt 0.90000000 0.88750000
vt 0.85000000 0.88750000
vt 0.80000000 0.88750000
vt 0.75000000 0.88750000
vt 0.70000000 0.88750000
vt 0.65000000 0.88750000
vt 0.60000000 0.88750000
vt 0.55000000 0.88750000
vt 0.50000000 0.88750000
vt 0.45000000 0.88750000
vt 0.40000000 0.88750000
vt 0.35000000 0.88750000
vt 0.30000000 0.88750000
vt 0.25000000 0.88750000
vt 0.20000000 0.88750000
vt 0.15000000 0.88750000
vt 0.10000000 0.88750000
vt 0.05000000 0.88750000
vt 0.95000000 0.90357143
vt 0.90000000 0.90357143
vt 0.85000000 0.90357143
vt 0.80000000 0.90357143
vt 0.75000000 0.90357143
vt 0.70000000 0.90357143
vt 0.65000000 0.90357143
vt 0.60000000 0.90357143
vt 0.55000000 0.90357143
vt 0.50000000 0.90357143
vt 0.45000000 0.90357143
vt 0.40000000 0.90357143
vt 0.35000000 0.90357143
vt 0.30000000 0.90357143
vt 0.25000000 0.90357143
vt 0.20000000 0.90357143
vt 0.15000000 0.90357143
vt 0.10000000 0.90357143
vt 0.05000000 0.90357143
vt 0.95000000 0.91964286
vt 0.90000000 0.91964286
vt 0.85000000 0.91964286
vt 0.80000000 0.91964286
vt 0.75000000 0.91964286
vt 0.70000000 0.91964286
vt 0.65000000 0.91964286
vt 0.60000000 0.91964286
vt 0.55000000 0.91964286
vt 0.50000000 0.91964286
vt 0.45000000 0.91964286
vt 0.40000000 0.91964286
vt 0.35000000 0.91964286
vt 0.30000000 0.91964286
vt 0.25000000 0.91964286
vt 0.20000000 0.91964286
vt 0.15000000 0.91964286
vt 0.10000000 0.91964286
vt 0.05000000 0.91964286
vt 0.95000000 0.93571429
vt 0.90000000 0.93571429
vt 0.85000000 0.93571429
vt 0.80000000 0.93571429
vt 0.75000000 0.93571429
vt 0.70000000 0.93571429
vt 0.65000000 0.93571429
vt 0.60000000 0.93571429
vt 0.55000000 0.93571429
vt 0.50000000 0.93571429
vt 0.45000000 0.93571429
vt 0.40000000 0.93571429
vt 0.35000000 0.93571429
vt 0.30000000 0.93571429
vt 0.25000000 0.93571429
vt 0.20000000 0.93571429
vt 0.15000000 0.93571429
vt 0.10000000 0.93571429
vt 0.05000000 0.93571429
vt 0.95000000 0.95178571
vt 0.90000000 0.95178571
vt 0.85000000 0.95178571
vt 0.80000000 0.95178571
vt 0.75000000 0.95178571
vt 0.70000000 0.95178571
vt 0.65000000 0.95178571
vt 0.60000000 0.95178571
vt 0.55000000 0.95178571
vt 0.50000000 0.95178571
vt 0.45000000 0.95178571
vt 0.40000000 0.95178571
vt 0.35000000 0.95178571
vt 0.30000000 0.95178571
vt 0.25000000 0.95178571
vt 0.20000000 0.95178571
vt 0.15000000 0.95178571
vt 0.10000000 0.95178571
vt 0.05000000 0.95178571
vt 0.95000000 0.96785714
vt 0.90000000 0.96785714
vt 0.85000000 0.96785714
vt 0.80000000 0.96785714
vt 0.75000000 0.96785714
vt 0.70000000 0.96785714
vt 0.65000000 0.96785714
vt 0.60000000 0.96785714
vt 0.55000000 0.96785714
vt 0.50000000 0.96785714
vt 0.45000000 0.96785714
vt 0.40000000 0.96785714
vt 0.35000000 0.96785714
vt 0.30000000 0.96785714
vt 0.25000000 0.96785714
vt 0.20000000 0.96785714
vt 0.15000000 0.96785714
vt 0.10000000 0.96785714
vt 0.05000000 0.96785714
vt 0.95000000 0.98392857
vt 0.90000000 0.98392857
vt 0.85000000 0.98392857
vt 0.80000000 0.98392857
vt 0.75000000 0.98392857
vt 0.70000000 0.98392857
vt 0.65000000 0.98392857
vt 0.60000000 0.98392857
vt 0.55000000 0.98392857
vt 0.50000000 0.98392857
vt 0.45000000 0.98392857
vt 0.40000000 0.98392857
vt 0.35000000 0.98392857
vt 0.30000000 0.98392857
vt 0.25000000 0.98392857
vt 0.20000000 0.98392857
vt 0.15000000 0.98392857
vt 0.10000000 0.98392857
vt 0.05000000 0.98392857
vt 0.95000000 1.00000000
vt 0.90000000 1.00000000
vt 0.85000000 1.00000000
vt 0.80000000 1.00000000
vt 0.75000000 1.00000000
vt 0.70000000 1.00000000
vt 0.65000000 1.00000000
vt 0.60000000 1.00000000
vt 0.55000000 1.00000000
vt 0.50000000 1.00000000
vt 0.45000000 1.00000000
vt 0.40000000 1.00000000
vt 0.35000000 1.00000000
vt 0.30000000 1.00000000
vt 0.25000000 1.00000000
vt 0.20000000 1.00000000
vt 0.15000000 1.00000000
vt 0.10000000 1.00000000
vt 0.05000000 1.00000000
f 1/1 2/2 21/21
f 1/1 21/21 20/20
f 2/2 3/3 22/22
f 2/2 22/22 21/21
f 3/3 4/4 23/23
f 3/3 23/23 22/22
f 4/4 5/5 24/24
f 4/4 24/24 23/23
f 5/5 6/6 25/25
f 5/5 25/25 24/24
f 6/6 7/7 26/26
f 6/6 26/26 25/25
f 7/7 8/8 27/27
f 7/7 27/27 26/26
f 8/8 9/9 28/28
f 8/8 28/28 27/27
f 9/9 10/10 29/29
f 9/9 29/29 28/28
f 10/10 11/11 30/30
f 10/10 30/30 29/29
f 11/11 12/12 31/31
f 11/11 31/31 30/30
f 12/12 13/13 32/32
f 12/12 32/32 31/31
f 13/13 14/14 33/33
f 13/13 33/33 32/32
f 14/14 15/15 34/34
f 14/14 34/34 33/33
f 15/15 16/16 35/35
f 15/15 35/35 34/34
f 16/16 17/17 36/36
f 16/16 36/36 35/35
f 17/17 18/18 37/37
f 17/17 37/37 36/36
f 18/18 19/19 38/38
f 18/18 38/38 37/37
f 20/20 21/21 40/40
f 20/20 40/40 39/39
f 21/21 22/22 41/41
f 21/21 41/41 40/40
f 22/22 23/23 42/42
f 22/22 42/42 41/41
f 23/23 24/24 43/43
f 23/23 43/43 42/42
f 24/24 25/25 44/44
f 24/24 44/44 43/43
f 25/25 26/26 45/45
f 25/25 45/45 44/44
f 26/26 27/27 46/46
f 26/26 46/46 45/45
f 27/27 28/28 47/47
f 27/27 47/47 46/46
f 28/28 29/29 48/48
f 28/28 48/48 47/47
f 29/29 30/30 49/49
f 29/29 49/49 48/48
f 30/30 31/31 50/50
f 30/30 50/50 49/49
f 31/31 32/32 51/51
f 31/31 51/51 50/50
f 32/32 33/33 52/52
f 32/32 52/52 51/51
f 33/33 34/34 53/53
f 33/33 53/53 52/52
f 34/34 35/35 54/54
f 34/34 54/54 53/53
f 35/35 36/36 55/55
f 35/35 55/55 54/54
f 36/36 37/37 56/56
f 36/36 56/56 55/55
f 37/37 38/38 57/57
f 37/37 57/57 56/56
f 39/39 40/40 59/59
f 39/39 59/59 58/58
f 40/40 41/41 60/60
f 40/40 60/60 59/59
f 41/41 42/42 61/61
f 41/41 61/61 60/60
f 42/42 43/43 62/62
f 42/42 62/62 61/61
f 43/43 44/44 63/63
f 43/43 63/63 62/62
f 44/44 45/45 64/64
f 44/44 64/64 63/63
f 45/45 46/46 65/65
f 45/45 65/65 64/64
f 46/46 47/47 66/66
f 46/46 66/66 65/65
f 47/47 48/48 67/67
f 47/47 67/67 66/66
f 48/48 49/49 68/68
f 48/48 68/68 67/67
f 49/49 50/50 69/69
f 49/49 69/69 68/68
f 50/50 51/51 70/70
f 50/50 70/70 69/69
f 51/51 52/52 71/71
f 51/51 71/71 70/70
f 52/52 53/53 72/72
f 52/52 72/72 71/71
f 53/53 54/54 73/73
f 53/53 73/73 72/72
f 54/54 55/55 74/74
f 54/54 74/74 73/73
f 55/55 56/56 75/75
f 55/55 75/75 74/74
f 56/56 57/57 76/76
f 56/56 76/76 75/75
f 58/58 59/59 78/78
f 58/58 78/78 77/77
f 59/59 60/60 79/79
f 59/59 79/79 78/78
f 60/60 61/61 80/80
f 60/60 80/80 79/79
f 61/61 62/62 81/81
f 61/61 81/81 80/80
f 62/62 63/63 82/82
f 62/62 82/82 81/81
f 63/63 64/64 83/83
f 63/63 83/83 82/82
f 64/64 65/65 84/84
f 64/64 84/84 83/83
f 65/65 66/66 85/85
f 65/65 85/85 84/84
f 66/66 67/67 86/86
f 66/66 86/86 85/85
f 67/67 68/68 87/87
f 67/67 87/87 86/86
f 68/68 69/69 88/88
f 68/68 88/88 87/87
f 69/69 70/70 89/89
f 69/69 89/89 88/88
f 70/70 71/71 90/90
f 70/70 90/90 89/89
f 71/71 72/72 91/91
f 71/71 91/91 90/90
f 72/72 73/73 92/92
f 72/72 92/92 91/91
f 73/73 74/74 93/93
f 73/73 93/93 92/92
f 74/74 75/75 94/94
f 74/74 94/94 93/93
f 75/75 76/76 95/95
f 75/75 95/95 94/94
f 77/77 78/78 97/97
f 77/77 97/97 96/96
f 78/78 79/79 98/98
f 78/78 98/98 97/97
f 79/79 80/80 99/99
f 79/79 99/99 98/98
f 80/80 81/81 100/100
f 80/80 100/100 99/99
f 81/81 82/82 101/101
f 81/81 101/101 100/100
f 82/82 83/83 102/102
f 82/82 102/102 101/101
f 83/83 84/84 103/103
f 83/83 103/103 102/102
f 84/84 85/85 104/104
f 84/84 104/104 103/103
f 85/85 86/86 105/105
f 85/85 105/105 104/104
f 86/86 87/87 106/106
f 86/86 106/106 105/105
f 87/87 88/88 107/107
f 87/87 107/107 106/106
f 88/88 89/89 108/108
f 88/88 108/108 107/107
f 89/89 90/90 109/109
f 89/89 109/109 108/108
f 90/90 91/91 110/110
f 90/90 110/110 109/109
f 91/91 92/92 111/111
f 91/91 111/111 110/110
f 92/92 93/93 112/112
f 92/92 112/112 111/111
f 93/93 94/94 113/113
f 93/93 113/113 112/112
f 94/94 95/95 114/114
f 94/94 114/114 113/113
f 96/96 97/97 116/116
f 96/96 116/116 115/115
f 97/97 98/98 117/117
f 97/97 117/117 116/116
f 98/98 99/99 118/118
f 98/98 118/118 117/117
f 99/99 100/100 119/119
f 99/99 119/119 118/118
f 100/100 101/101 120/120
f 100/100 120/120 119/119
f 101/101 102/102 121/121
f 101/101 121/121 120/120
f 102/102 103/103 122/122
f 102/102 122/122 121/121
f 103/103 104/104 123/123
f 103/103 123/123 122/122
f 104/104 105/105 124/124
f 104/104 124/124 123/123
f 105/105 106/106 125/125
f 105/105 125/125 124/124
f 106/106 107/107 126/126
f 106/106 126/126 125/125
f 107/107 108/108 127/127
f 107/107 127/127 126/126
f 108/108 109/109 128/128
f 108/108 128/128 127/127
f 109/109 110/110 129/129
f 109/109 129/129 128/128
f 110/110 111/111 130/130
f 110/110 130/130 129/129
f 111/111 112/112 131/131
f 111/111 131/131 130/130
f 112/112 113/113 132/132
f 112/112 132/132 131/131
f 113/113 114/114 133/133
f 113/113 133/133 132/132
f 115/115 116/116 135/135
f 115/115 135/135 134/134
f 116/116 117/117 136/136
f 116/116 136/136 135/135
f 117/117 118/118 137/137
f 117/117 137/137 136/136
f 118/118 119/119 138/138
f 118/118 138/138 137/137
f 119/119 120/120 139/139
f 119/119 139/139 138/138
f 120/120 121/121 140/140
f 120/120 140/140 139/139
f 121/121 122/122 141/141
f 121/121 141/141 140/140
f 122/122 123/123 142/142
f 122/122 142/142 141/141
f 123/123 124/124 143/143
f 123/123 143/143 142/142
f 124/124 125/125 144/144
f 124/124 144/144 143/143
f 125/125 126/126 145/145
f 125/125 145/145 144/144
f 126/126 127/127 146/146
f 126/126 146/146 145/145
f 127/127 128/128 147/147
f 127/127 147/147 146/146
f 128/128 129/129 148/148
f 128/128 148/148 147/147
f 129/129 130/130 149/149
f 129/129 149/149 148/148
f 130/130 131/131 150/150
f 130/130 150/150 149/149
f 131/131 132/132 151/151
f 131/131 151/151 150/150
f 132/132 133/133 152/152
f 132/132 152/152 151/151
f 134/134 135/135 154/154
f 134/134 154/154 153/153
f 135/135 136/136 155/155
f 135/135 155/155 154/154
f 136/136 137/137 156/156
f 136/136 156/156 155/155
f 137/137 138/138 157/157
f 137/137 157/157 156/156
f 138/138 139/139 158/158
f 138/138 158/158 157/157
f 139/139 140/140 159/159
f 139/139 159/159 158/158
f 140/140 141/141 160/160
f 140/140 160/160 159/159
f 141/141 142/142 161/161
f 141/141 161/161 160/160
f 142/142 143/143 162/162
f 142/142 162/162 161/161
f 143/143 144/144 163/163
f 143/143 163/163 162/162
f 144/144 145/145 164/164
f 144/144 164/164 163/163
f 145/145 146/146 165/165
f 145/145 165/165 164/164
f 146/146 147/147 166/166
f 146/146 166/166 165/165
f 147/147 148/148 167/167
f 147/147 167/167 166/166
f 148/148 149/149 168/168
f 148/148 168/168 167/167
f 149/149 150/150 169/169
f 149/149 169/169 168/168
f 150/150 151/151 170/170
f 150/150 170/170 169/169
f 151/151 152/152 171/171
f 151/151 171/171 170/170
f 153/153 154/154 173/173
f 153/153 173/173 172/172
f 154/154 155/155 174/174
f 154/154 174/174 173/173
f 155/155 156/156 175/175
f 155/155 175/175 174/174
f 156/156 157/157 176/176
f 156/156 176/176 175/175
f 157/157 158/158 177/177
f 157/157 177/177 176/176
f 158/158 159/159 178/178
f 158/158 178/178 177/177
f 159/159 160/160 179/179
f 159/159 179/179 178/178
f 160/160 161/161 180/180
f 160/160 180/180 179/179
f 161/161 162/162 181/181
f 161/161 181/181 180/180
f 162/162 163/163 182/182
f 162/162 182/182 181/181
f 163/163 164/164 183/183
f 163/163 183/183 182/182
f 164/164 165/165 184/184
f 164/164 184/184 183/183
f 165/165 166/166 185/185
f 165/165 185/185 184/184
f 166/166 167/167 186/186
f 166/166 186/186 185/185
f 167/167 168/168 187/187
f 167/167 187/187 186/186
f 168/168 169/169 188/188
f 168/168 188/188 187/187
f 169/169 170/170 189/189
f 169/169 189/189 188/188
f 170/170 171/171 190/190
f 170/170 190/190 189/189
f 172/172 173/173 192/192
f 172/172 192/192 191/191
f 173/173 174/174 193/193
f 173/173 193/193 192/192
f 174/174 175/175 194/194
f 174/174 194/194 193/193
f 175/175 176/176 195/195
f 175/175 195/195 194/194
f 176/176 177/177 196/196
f 176/176 196/196 195/195
f 177/177 178/178 197/197
f 177/177 197/197 196/196
f 178/178 179/179 198/198
f 178/178 198/198 197/197
f 179/179 180/180 199/199
f 179/179 199/199 198/198
f 180/180 181/181 200/200
f 180/180 200/200 199/199
f 181/181 182/182 201/201
f 181/181 201/201 200/200
f 182/182 183/183 202/202
f 182/182 202/202 201/201
f 183/183 184/184 203/203
f 183/183 203/203 202/202
f 184/184 185/185 204/204
f 184/184 204/204 203/203
f 185/185 186/186 205/205
f 185/185 205/205 204/204
f 186/186 187/187 206/206
f 186/186 206/206 205/205
f 187/187 188/188 207/207
f 187/187 207/207 206/206
f 188/188 189/189 208/208
f 188/188 208/208 207/207
f 189/189 190/190 209/209
f 189/189 209/209 208/208
f 191/191 192/192 211/211
f 191/191 211/211 210/210
f 192/192 193/193 212/212
f 192/192 212/212 211/211
f 193/193 194/194 213/213
f 193/193 213/213 212/212
f 194/194 195/195 214/214
f 194/194 214/214 213/213
f 195/195 196/196 215/215
f 195/195 215/215 214/214
f 196/196 197/197 216/216
f 196/196 216/216 215/215
f 197/197 198/198 217/217
f 197/197 217/217 216/216
f 198/198 199/199 218/218
f 198/198 218/218 217/217
f 199/199 200/200 219/219
f 199/199 219/219 218/218
f 200/200 201/201 220/220
f 200/200 220/220 219/219
f 201/201 202/202 221/221
f 201/201 221/221 220/220
f 202/202 203/203 222/222
f 202/202 222/222 221/221
f 203/203 204/204 223/223
f 203/203 223/223 222/222
f 204/204 205/205 224/224
f 204/204 224/224 223/223
f 205/205 206/206 225/225
f 205/205 225/225 224/224
f 206/206 207/207 226/226
f 206/206 226/226 225/225
f 207/207 208/208 227/227
f 207/207 227/227 226/226
f 208/208 209/209 228/228
f 208/208 228/228 227/227
f 210/210 211/211 230/230
f 210/210 230/230 229/229
f 211/211 212/212 231/231
f 211/211 231/231 230/230
f 212/212 213/213 232/232
f 212/212 232/232 231/231
f 213/213 214/214 233/233
f 213/213 233/233 232/232
f 214/214 215/215 234/234
f 214/214 234/234 233/233
f 215/215 216/216 235/235
f 215/215 235/235 234/234
f 216/216 217/217 236/236
f 216/216 236/236 235/235
f 217/217 218/218 237/237
f 217/217 237/237 236/236
f 218/218 219/219 238/238
f 218/218 238/238 237/237
f 219/219 220/220 239/239
f 219/219 239/239 238/238
f 220/220 221/221 240/240
f 220/220 240/240 239/239
f 221/221 222/222 241/241
f 221/221 241/241 240/240
f 222/222 223/223 242/242
f 222/222 242/242 241/241
f 223/223 224/224 243/243
f 223/223 243/243 242/242
f 224/224 225/225 244/244
f 224/224 244/244 243/243
f 225/225 226/226 245/245
f 225/225 245/245 244/244
f 226/226 227/227 246/246
f 226/226 246/246 245/245
f 227/227 228/228 247/247
f 227/227 247/247 246/246
f 229/229 230/230 249/249
f 229/229 249/249 248/248
f 230/230 231/231 250/250
f 230/230 250/250 249/249
f 231/231 232/232 251/251
f 231/231 251/251 250/250
f 232/232 233/233 252/252
f 232/232 252/252 251/251
f 233/233 234/234 253/253
f 233/233 253/253 252/252
f 234/234 235/235 254/254
f 234/234 254/254 253/253
f 235/235 236/236 255/255
f 235/235 255/255 254/254
f 236/236 237/237 256/256
f 236/236 256/256 255/255
f 237/237 238/238 257/257
f 237/237 257/257 256/256
f 238/238 239/239 258/258
f 238/238 258/258 257/257
f 239/239 240/240 259/259
f 239/239 259/259 258/258
f 240/240 241/241 260/260
f 240/240 260/260 259/259
f 241/241 242/242 261/261
f 241/241 261/261 260/260
f 242/242 243/243 262/262
f 242/242 262/262 261/261
f 243/243 244/244 263/263
f 243/243 263/263 262/262
f 244/244 245/245 264/264
f 244/244 264/264 263/263
f 245/245 246/246 265/265
f 245/245 265/265 264/264
f 246/246 247/247 266/266
f 246/246 266/266 265/265
f 248/248 249/249 268/268
f 248/248 268/268 267/267
f 249/249 250/250 269/269
f 249/249 269/269 268/268
f 250/250 251/251 270/270
f 250/250 270/270 269/269
f 251/251 252/252 271/271
f 251/251 271/271 270/270
f 252/252 253/253 272/272
f 252/252 272/272 271/271
f 253/253 254/254 273/273
f 253/253 273/273 272/272
f 254/254 255/255 274/274
f 254/254 274/274 273/273
f 255/255 256/256 275/275
f 255/255 275/275 274/274
f 256/256 257/257 276/276
f 256/256 276/276 275/275
f 257/257 258/258 277/277
f 257/257 277/277 276/276
f 258/258 259/259 278/278
f 258/258 278/278 277/277
f 259/259 260/260 279/279
f 259/259 279/279 278/278
f 260/260 261/261 280/280
f 260/260 280/280 279/279
f 261/261 262/262 281/281
f 261/261 281/281 280/280
f 262/262 263/263 282/282
f 262/262 282/282 281/281
f 263/263 264/264 283/283
f 263/263 283/283 282/282
f 264/264 265/265 284/284
f 264/264 284/284 283/283
f 265/265 266/266 285/285
f 265/265 285/285 284/284
f 267/267 268/268 287/287
f 267/267 287/287 286/286
f 268/268 269/269 288/288
f 268/268 288/288 287/287
f 269/269 270/270 289/289
f 269/269 289/289 288/288
f 270/270 271/271 290/290
f 270/270 290/290 289/289
f 271/271 272/272 291/291
f 271/271 291/291 290/290
f 272/272 273/273 292/292
f 272/272 292/292 291/291
f 273/273 274/274 293/293
f 273/273 293/293 292/292
f 274/274 275/275 294/294
f 274/274 294/294 293/293
f 275/275 276/276 295/295
f 275/275 295/295 294/294
f 276/276 277/277 296/296
f 276/276 296/296 295/295
f 277/277 278/278 297/297
f 277/277 297/297 296/296
f 278/278 279/279 298/298
f 278/278 298/298 297/297
f 279/279 280/280 299/299
f 279/279 299/299 298/298
f 280/280 281/281 300/300
f 280/280 300/300 299/299
f 281/281 282/282 301/301
f 281/281 301/301 300/300
f 282/282 283/283 302/302
f 282/282 302/302 301/301
f 283/283 284/284 303/303
f 283/283 303/303 302/302
f 284/284 285/285 304/304
f 284/284 304/304 303/303
f 286/286 287/287 306/306
f 286/286 306/306 305/305
f 287/287 288/288 307/307
f 287/287 307/307 306/306
f 288/288 289/289 308/308
f 288/288 308/308 307/307
f 289/289 290/290 309/309
f 289/289 309/309 308/308
f 290/290 291/291 310/310
f 290/290 310/310 309/309
f 291/291 292/292 311/311
f 291/291 311/311 310/310
f 292/292 293/293 312/312
f 292/292 312/312 311/311
f 293/293 294/294 313/313
f 293/293 313/313 312/312
f 294/294 295/295 314/314
f 294/294 314/314 313/313
f 295/295 296/296 315/315
f 295/295 315/315 314/314
f 296/296 297/297 316/316
f 296/296 316/316 315/315
f 297/297 298/298 317/317
f 297/297 317/317 316/316
f 298/298 299/299 318/318
f 298/298 318/318 317/317
f 299/299 300/300 319/319
f 299/299 319/319 318/318
f 300/300 301/301 320/320
f 300/300 320/320 319/319
f 301/301 302/302 321/321
f 301/301 321/321 320/320
f 302/302 303/303 322/322
f 302/302 322/322 321/321
f 303/303 304/304 323/323
f 303/303 323/323 322/322
f 305/305 306/306 325/325
f 305/305 325/325 324/324
f 306/306 307/307 326/326
f 306/306 326/326 325/325
f 307/307 308/308 327/327
f 307/307 327/327 326/326
f 308/308 309/309 328/328
f 308/308 328/328 327/327
f 309/309 310/310 329/329
f 309/309 329/329 328/328
f 310/310 311/311 330/330
f 310/310 330/330 329/329
f 311/311 312/312 331/331
f 311/311 331/331 330/330
f 312/312 313/313 332/332
f 312/312 332/332 331/331
f 313/313 314/314 333/333
f 313/313 333/333 332/332
f 314/314 315/315 334/334
f 314/314 334/334 333/333
f 315/315 316/316 335/335
f 315/315 335/335 334/334
f 316/316 317/317 336/336
f 316/316 336/336 335/335
f 317/317 318/318 337/337
f 317/317 337/337 336/336
f 318/318 319/319 338/338
f 318/318 338/338 337/337
f 319/319 320/320 339/339
f 319/319 339/339 338/338
f 320/320 321/321 340/340
f 320/320 340/340 339/339
f 321/321 322/322 341/341
f 321/321 341/341 340/340
f 322/322 323/323 342/342
f 322/322 342/342 341/341
f 324/324 325/325 344/344
f 324/324 344/344 343/343
f 325/325 326/326 345/345
f 325/325 345/345 344/344
f 326/326 327/327 346/346
f 326/326 346/346 345/345
f 327/327 328/328 347/347
f 327/327 347/347 346/346
f 328/328 329/329 348/348
f 328/328 348/348 347/347
f 329/329 330/330 349/349
f 329/329 349/349 348/348
f 330/330 331/331 350/350
f 330/330 350/350 349/349
f 331/331 332/332 351/351
f 331/331 351/351 350/350
f 332/332 333/333 352/352
f 332/332 352/352 351/351
f 333/333 334/334 353/353
f 333/333 353/353 352/352
f 334/334 335/335 354/354
f 334/334 354/354 353/353
f 335/335 336/336 355/355
f 335/335 355/355 354/354
f 336/336 337/337 356/356
f 336/336 356/356 355/355
f 337/337 338/338 357/357
f 337/337 357/357 356/356
f 338/338 339/339 358/358
f 338/338 358/358 357/357
f 339/339 340/340 359/359
f 339/339 359/359 358/358
f 340/340 341/341 360/360
f 340/340 360/360 359/359
f 341/341 342/342 361/361
f 341/341 361/361 360/360
f 343/343 344/344 363/363
f 343/343 363/363 362/362
f 344/344 345/345 364/364
f 344/344 364/364 363/363
f 345/345 346/346 365/365
f 345/345 365/365 364/364
f 346/346 347/347 366/366
f 346/346 366/366 365/365
f 347/347 348/348 367/367
f 347/347 367/367 366/366
f 348/348 349/349 368/368
f 348/348 368/368 367/367
f 349/349 350/350 369/369
f 349/349 369/369 368/368
f 350/350 351/351 370/370
f 350/350 370/370 369/369
f 351/351 352/352 371/371
f 351/351 371/371 370/370
f 352/352 353/353 372/372
f 352/352 372/372 371/371
f 353/353 354/354 373/373
f 353/353 373/373 372/372
f 354/354 355/355 374/374
f 354/354 374/374 373/373
f 355/355 356/356 375/375
f 355/355 375/375 374/374
f 356/356 357/357 376/376
f 356/356 376/376 375/375
f 357/357 358/358 377/377
f 357/357 377/377 376/376
f 358/358 359/359 378/378
f 358/358 378/378 377/377
f 359/359 360/360 379/379
f 359/359 379/379 378/378
f 360/360 361/361 380/380
f 360/360 380/380 379/379
f 362/362 363/363 382/382
f 362/362 382/382 381/381
f 363/363 364/364 383/383
f 363/363 383/383 382/382
f 364/364 365/365 384/384
f 364/364 384/384 383/383
f 365/365 366/366 385/385
f 365/365 385/385 384/384
f 366/366 367/367 386/386
f 366/366 386/386 385/385
f 367/367 368/368 387/387
f 367/367 387/387 386/386
f 368/368 369/369 388/388
f 368/368 388/388 387/387
f 369/369 370/370 389/389
f 369/369 389/389 388/388
f 370/370 371/371 390/390
f 370/370 390/390 389/389
f 371/371 372/372 391/391
f 371/371 391/391 390/390
f 372/372 373/373 392/392
f 372/372 392/392 391/391
f 373/373 374/374 393/393
f 373/373 393/393 392/392
f 374/374 375/375 394/394
f 374/374 394/394 393/393
f 375/375 376/376 395/395
f 375/375 395/395 394/394
f 376/376 377/377 396/396
f 376/376 396/396 395/395
f 377/377 378/378 397/397
f 377/377 397/397 396/396
f 378/378 379/379 398/398
f 378/378 398/398 397/397
f 379/379 380/380 399/399
f 379/379 399/399 398/398
f 381/381 382/382 401/401
f 381/381 401/401 400/400
f 382/382 383/383 402/402
f 382/382 402/402 401/401
f 383/383 384/384 403/403
f 383/383 403/403 402/402
f 384/384 385/385 404/404
f 384/384 404/404 403/403
f 385/385 386/386 405/405
f 385/385 405/405 404/404
f 386/386 387/387 406/406
f 386/386 406/406 405/405
f 387/387 388/388 407/407
f 387/387 407/407 406/406
f 388/388 389/389 408/408
f 388/388 408/408 407/407
f 389/389 390/390 409/409
f 389/389 409/409 408/408
f 390/390 391/391 410/410
f 390/390 410/410 409/409
f 391/391 392/392 411/411
f 391/391 411/411 410/410
f 392/392 393/393 412/412
f 392/392 412/412 411/411
f 393/393 394/394 413/413
f 393/393 413/413 412/412
f 394/394 395/395 414/414
f 394/394 414/414 413/413
f 395/395 396/396 415/415
f 395/395 415/415 414/414
f 396/396 397/397 416/416
f 396/396 416/416 415/415
f 397/397 398/398 417/417
f 397/397 417/417 416/416
f 398/398 399/399 418/418
f 398/398 418/418 417/417
f 400/400 401/401 420/420
f 400/400 420/420 419/419
f 401/401 402/402 421/421
f 401/401 421/421 420/420
f 402/402 403/403 422/422
f 402/402 422/422 421/421
f 403/403 404/404 423/423
f 403/403 423/423 422/422
f 404/404 405/405 424/424
f 404/404 424/424 423/423
f 405/405 406/406 425/425
f 405/405 425/425 424/424
f 406/406 407/407 426/426
f 406/406 426/426 425/425
f 407/407 408/408 427/427
f 407/407 427/427 426/426
f 408/408 409/409 428/428
f 408/408 428/428 427/427
f 409/409 410/410 429/429
f 409/409 429/429 428/428
f 410/410 411/411 430/430
f 410/410 430/430 429/429
f 411/411 412/412 431/431
f 411/411 431/431 430/430
f 412/412 413/413 432/432
f 412/412 432/432 431/431
f 413/413 414/414 433/433
f 413/413 433/433 432/432
f 414/414 415/415 434/434
f 414/414 434/434 433/433
f 415/415 416/416 435/435
f 415/415 435/435 434/434
f 416/416 417/417 436/436
f 416/416 436/436 435/435
f 417/417 418/418 437/437
f 417/417 437/437 436/436
f 419/419 420/420 439/439
f 419/419 439/439 438/438
f 420/420 421/421 440/440
f 420/420 440/440 439/439
f 421/421 422/422 441/441
f 421/421 441/441 440/440
f 422/422 423/423 442/442
f 422/422 442/442 441/441
f 423/423 424/424 443/443
f 423/423 443/443 442/442
f 424/424 425/425 444/444
f 424/424 444/444 443/443
f 425/425 426/426 445/445
f 425/425 445/445 444/444
f 426/426 427/427 446/446
f 426/426 446/446 445/445
f 427/427 428/428 447/447
f 427/427 447/447 446/446
f 428/428 429/429 448/448
f 428/428 448/448 447/447
f 429/429 430/430 449/449
f 429/429 449/449 448/448
f 430/430 431/431 450/450
f 430/430 450/450 449/449
f 431/431 432/432 451/451
f 431/431 451/451 450/450
f 432/432 433/433 452/452
f 432/432 452/452 451/451
f 433/433 434/434 453/453
f 433/433 453/453 452/452
f 434/434 435/435 454/454
f 434/434 454/454 453/453
f 435/435 436/436 455/455
f 435/435 455/455 454/454
f 436/436 437/437 456/456
f 436/436 456/456 455/455
f 438/438 439/439 458/458
f 438/438 458/458 457/457
f 439/439 440/440 459/459
f 439/439 459/459 458/458
f 440/440 441/441 460/460
f 440/440 460/460 459/459
f 441/441 442/442 461/461
f 441/441 461/461 460/460
f 442/442 443/443 462/462
f 442/442 462/462 461/461
f 443/443 444/444 463/463
f 443/443 463/463 462/462
f 444/444 445/445 464/464
f 444/444 464/464 463/463
f 445/445 446/446 465/465
f 445/445 465/465 464/464
f 446/446 447/447 466/466
f 446/446 466/466 465/465
f 447/447 448/448 467/467
f 447/447 467/467 466/466
f 448/448 449/449 468/468
f 448/448 468/468 467/467
f 449/449 450/450 469/469
f 449/449 469/469 468/468
f 450/450 451/451 470/470
f 450/450 470/470 469/469
f 451/451 452/452 471/471
f 451/451 471/471 470/470
f 452/452 453/453 472/472
f 452/452 472/472 471/471
f 453/453 454/454 473/473
f 453/453 473/473 472/472
f 454/454 455/455 474/474
f 454/454 474/474 473/473
f 455/455 456/456 475/475
f 455/455 475/475 474/474
f 457/457 458/458 477/477
f 457/457 477/477 476/476
f 458/458 459/459 478/478
f 458/458 478/478 477/477
f 459/459 460/460 479/479
f 459/459 479/479 478/478
f 460/460 461/461 480/480
f 460/460 480/480 479/479
f 461/461 462/462 481/481
f 461/461 481/481 480/480
f 462/462 463/463 482/482
f 462/462 482/482 481/481
f 463/463 464/464 483/483
f 463/463 483/483 482/482
f 464/464 465/465 484/484
f 464/464 484/484 483/483
f 465/465 466/466 485/485
f 465/465 485/485 484/484
f 466/466 467/467 486/486
f 466/466 486/486 485/485
f 467/467 468/468 487/487
f 467/467 487/487 486/486
f 468/468 469/469 488/488
f 468/468 488/488 487/487
f 469/469 470/470 489/489
f 469/469 489/489 488/488
f 470/470 471/471 490/490
f 470/470 490/490 489/489
f 471/471 472/472 491/491
f 471/471 491/491 490/490
f 472/472 473/473 492/492
f 472/472 492/492 491/491
f 473/473 474/474 493/493
f 473/473 493/493 492/492
f 474/474 475/475 494/494
f 474/474 494/494 493/493
f 476/476 477/477 496/496
f 476/476 496/496 495/495
f 477/477 478/478 497/497
f 477/477 497/497 496/496
f 478/478 479/479 498/498
f 478/478 498/498 497/497
f 479/479 480/480 499/499
f 479/479 499/499 498/498
f 480/480 481/481 500/500
f 480/480 500/500 499/499
f 481/481 482/482 501/501
f 481/481 501/501 500/500
f 482/482 483/483 502/502
f 482/482 502/502 501/501
f 483/483 484/484 503/503
f 483/483 503/503 502/502
f 484/484 485/485 504/504
f 484/484 504/504 503/503
f 485/485 486/486 505/505
f 485/485 505/505 504/504
f 486/486 487/487 506/506
f 486/486 506/506 505/505
f 487/487 488/488 507/507
f 487/487 507/507 506/506
f 488/488 489/489 508/508
f 488/488 508/508 507/507
f 489/489 490/490 509/509
f 489/489 509/509 508/508
f 490/490 491/491 510/510
f 490/490 510/510 509/509
f 491/491 492/492 511/511
f 491/491 511/511 510/510
f 492/492 493/493 512/512
f 492/492 512/512 511/511
f 493/493 494/494 513/513
f 493/493 513/513 512/512
f 495/495 496/496 515/515
f 495/495 515/515 514/514
f 496/496 497/497 516/516
f 496/496 516/516 515/515
f 497/497 498/498 517/517
f 497/497 517/517 516/516
f 498/498 499/499 518/518
f 498/498 518/518 517/517
f 499/499 500/500 519/519
f 499/499 519/519 518/518
f 500/500 501/501 520/520
f 500/500 520/520 519/519
f 501/501 502/502 521/521
f 501/501 521/521 520/520
f 502/502 503/503 522/522
f 502/502 522/522 521/521
f 503/503 504/504 523/523
f 503/503 523/523 522/522
f 504/504 505/505 524/524
f 504/504 524/524 523/523
f 505/505 506/506 525/525
f 505/505 525/525 524/524
f 506/506 507/507 526/526
f 506/506 526/526 525/525
f 507/507 508/508 527/527
f 507/507 527/527 526/526
f 508/508 509/509 528/528
f 508/508 528/528 527/527
f 509/509 510/510 529/529
f 509/509 529/529 528/528
f 510/510 511/511 530/530
f 510/510 530/530 529/529
f 511/511 512/512 531/531
f 511/511 531/531 530/530
f 512/512 513/513 532/532
f 512/512 532/532 531/531
f 514/514 515/515 534/534
f 514/514 534/534 533/533
f 515/515 516/516 535/535
f 515/515 535/535 534/534
f 516/516 517/517 536/536
f 516/516 536/536 535/535
f 517/517 518/518 537/537
f 517/517 537/537 536/536
f 518/518 519/519 538/538
f 518/518 538/538 537/537
f 519/519 520/520 539/539
f 519/519 539/539 538/538
f 520/520 521/521 540/540
f 520/520 540/540 539/539
f 521/521 522/522 541/541
f 521/521 541/541 540/540
f 522/522 523/523 542/542
f 522/522 542/542 541/541
f 523/523 524/524 543/543
f 523/523 543/543 542/542
f 524/524 525/525 544/544
f 524/524 544/544 543/543
f 525/525 526/526 545/545
f 525/525 545/545 544/544
f 526/526 527/527 546/546
f 526/526 546/546 545/545
f 527/527 528/528 547/547
f 527/527 547/547 546/546
f 528/528 529/529 548/548
f 528/528 548/548 547/547
f 529/529 530/530 549/549
f 529/529 549/549 548/548
f 530/530 531/531 550/550
f 530/530 550/550 549/549
f 531/531 532/532 551/551
f 531/531 551/551 550/550
f 552/552 553/553 572/572
f 552/552 572/572 571/571
f 553/553 554/554 573/573
f 553/553 573/573 572/572
f 554/554 555/555 574/574
f 554/554 574/574 573/573
f 555/555 556/556 575/575
f 555/555 575/575 574/574
f 556/556 557/557 576/576
f 556/556 576/576 575/575
f 557/557 558/558 577/577
f 557/557 577/577 576/576
f 558/558 559/559 578/578
f 558/558 578/578 577/577
f 559/559 560/560 579/579
f 559/559 579/579 578/578
f 560/560 561/561 580/580
f 560/560 580/580 579/579
f 561/561 562/562 581/581
f 561/561 581/581 580/580
f 562/562 563/563 582/582
f 562/562 582/582 581/581
f 563/563 564/564 583/583
f 563/563 583/583 582/582
f 564/564 565/565 584/584
f 564/564 584/584 583/583
f 565/565 566/566 585/585
f 565/565 585/585 584/584
f 566/566 567/567 586/586
f 566/566 586/586 585/585
f 567/567 568/568 587/587
f 567/567 587/587 586/586
f 568/568 569/569 588/588
f 568/568 588/588 587/587
f 569/569 570/570 589/589
f 569/569 589/589 588/588
f 571/571 572/572 591/591
f 571/571 591/591 590/590
f 572/572 573/573 592/592
f 572/572 592/592 591/591
f 573/573 574/574 593/593
f 573/573 593/593 592/592
f 574/574 575/575 594/594
f 574/574 594/594 593/593
f 575/575 576/576 595/595
f 575/575 595/595 594/594
f 576/576 577/577 596/596
f 576/576 596/596 595/595
f 577/577 578/578 597/597
f 577/577 597/597 596/596
f 578/578 579/579 598/598
f 578/578 598/598 597/597
f 579/579 580/580 599/599
f 579/579 599/599 598/598
f 580/580 581/581 600/600
f 580/580 600/600 599/599
f 581/581 582/582 601/601
f 581/581 601/601 600/600
f 582/582 583/583 602/602
f 582/582 602/602 601/601
f 583/583 584/584 603/603
f 583/583 603/603 602/602
f 584/584 585/585 604/604
f 584/584 604/604 603/603
f 585/585 586/586 605/605
f 585/585 605/605 604/604
f 586/586 587/587 606/606
f 586/586 606/606 605/605
f 587/587 588/588 607/607
f 587/587 607/607 606/606
f 588/588 589/589 608/608
f 588/588 608/608 607/607
f 590/590 591/591 610/610
f 590/590 610/610 609/609
f 591/591 592/592 611/611
f 591/591 611/611 610/610
f 592/592 593/593 612/612
f 592/592 612/612 611/611
f 593/593 594/594 613/613
f 593/593 613/613 612/612
f 594/594 595/595 614/614
f 594/594 614/614 613/613
f 595/595 596/596 615/615
f 595/595 615/615 614/614
f 596/596 597/597 616/616
f 596/596 616/616 615/615
f 597/597 598/598 617/617
f 597/597 617/617 616/616
f 598/598 599/599 618/618
f 598/598 618/618 617/617
f 599/599 600/600 619/619
f 599/599 619/619 618/618
f 600/600 601/601 620/620
f 600/600 620/620 619/619
f 601/601 602/602 621/621
f 601/601 621/621 620/620
f 602/602 603/603 622/622
f 602/602 622/622 621/621
f 603/603 604/604 623/623
f 603/603 623/623 622/622
f 604/604 605/605 624/624
f 604/604 624/624 623/623
f 605/605 606/606 625/625
f 605/605 625/625 624/624
f 606/606 607/607 626/626
f 606/606 626/626 625/625
f 607/607 608/608 627/627
f 607/607 627/627 626/626
f 609/609 610/610 629/629
f 609/609 629/629 628/628
f 610/610 611/611 630/630
f 610/610 630/630 629/629
f 611/611 612/612 631/631
f 611/611 631/631 630/630
f 612/612 613/613 632/632
f 612/612 632/632 631/631
f 613/613 614/614 633/633
f 613/613 633/633 632/632
f 614/614 615/615 634/634
f 614/614 634/634 633/633
f 615/615 616/616 635/635
f 615/615 635/635 634/634
f 616/616 617/617 636/636
f 616/616 636/636 635/635
f 617/617 618/618 637/637
f 617/617 637/637 636/636
f 618/618 619/619 638/638
f 618/618 638/638 637/637
f 619/619 620/620 639/639
f 619/619 639/639 638/638
f 620/620 621/621 640/640
f 620/620 640/640 639/639
f 621/621 622/622 641/641
f 621/621 641/641 640/640
f 622/622 623/623 642/642
f 622/622 642/642 641/641
f 623/623 624/624 643/643
f 623/623 643/643 642/642
f 624/624 625/625 644/644
f 624/624 644/644 643/643
f 625/625 626/626 645/645
f 625/625 645/645 644/644
f 626/626 627/627 646/646
f 626/626 646/646 645/645
f 628/628 629/629 648/648
f 628/628 648/648 647/647
f 629/629 630/630 649/649
f 629/629 649/649 648/648
f 630/630 631/631 650/650
f 630/630 650/650 649/649
f 631/631 632/632 651/651
f 631/631 651/651 650/650
f 632/632 633/633 652/652
f 632/632 652/652 651/651
f 633/633 634/634 653/653
f 633/633 653/653 652/652
f 634/634 635/635 654/654
f 634/634 654/654 653/653
f 635/635 636/636 655/655
f 635/635 655/655 654/654
f 636/636 637/637 656/656
f 636/636 656/656 655/655
f 637/637 638/638 657/657
f 637/637 657/657 656/656
f 638/638 639/639 658/658
f 638/638 658/658 657/657
f 639/639 640/640 659/659
f 639/639 659/659 658/658
f 640/640 641/641 660/660
f 640/640 660/660 659/659
f 641/641 642/642 661/661
f 641/641 661/661 660/660
f 642/642 643/643 662/662
f 642/642 662/662 661/661
f 643/643 644/644 663/663
f 643/643 663/663 662/662
f 644/644 645/645 664/664
f 644/644 664/664 663/663
f 645/645 646/646 665/665
f 645/645 665/665 664/664
f 647/647 648/648 667/667
f 647/647 667/667 666/666
f 648/648 649/649 668/668
f 648/648 668/668 667/667
f 649/649 650/650 669/669
f 649/649 669/669 668/668
f 650/650 651/651 670/670
f 650/650 670/670 669/669
f 651/651 652/652 671/671
f 651/651 671/671 670/670
f 652/652 653/653 672/672
f 652/652 672/672 671/671
f 653/653 654/654 673/673
f 653/653 673/673 672/672
f 654/654 655/655 674/674
f 654/654 674/674 673/673
f 655/655 656/656 675/675
f 655/655 675/675 674/674
f 656/656 657/657 676/676
f 656/656 676/676 675/675
f 657/657 658/658 677/677
f 657/657 677/677 676/676
f 658/658 659/659 678/678
f 658/658 678/678 677/677
f 659/659 660/660 679/679
f 659/659 679/679 678/678
f 660/660 661/661 680/680
f 660/660 680/680 679/679
f 661/661 662/662 681/681
f 661/661 681/681 680/680
f 662/662 663/663 682/682
f 662/662 682/682 681/681
f 663/663 664/664 683/683
f 663/663 683/683 682/682
f 664/664 665/665 684/684
f 664/664 684/684 683/683
f 666/666 667/667 686/686
f 666/666 686/686 685/685
f 667/667 668/668 687/687
f 667/667 687/687 686/686
f 668/668 669/669 688/688
f 668/668 688/688 687/687
f 669/669 670/670 689/689
f 669/669 689/689 688/688
f 670/670 671/671 690/690
f 670/670 690/690 689/689
f 671/671 672/672 691/691
f 671/671 691/691 690/690
f 672/672 673/673 692/692
f 672/672 692/692 691/691
f 673/673 674/674 693/693
f 673/673 693/693 692/692
f 674/674 675/675 694/694
f 674/674 694/694 693/693
f 675/675 676/676 695/695
f 675/675 695/695 694/694
f 676/676 677/677 696/696
f 676/676 696/696 695/695
f 677/677 678/678 697/697
f 677/677 697/697 696/696
f 678/678 679/679 698/698
f 678/678 698/698 697/697
f 679/679 680/680 699/699
f 679/679 699/699 698/698
f 680/680 681/681 700/700
f 680/680 700/700 699/699
f 681/681 682/682 701/701
f 681/681 701/701 700/700
f 682/682 683/683 702/702
f 682/682 702/702 701/701
f 683/683 684/684 703/703
f 683/683 703/703 702/702
f 685/685 686/686 705/705
f 685/685 705/705 704/704
f 686/686 687/687 706/706
f 686/686 706/706 705/705
f 687/687 688/688 707/707
f 687/687 707/707 706/706
f 688/688 689/689 708/708
f 688/688 708/708 707/707
f 689/689 690/690 709/709
f 689/689 709/709 708/708
f 690/690 691/691 710/710
f 690/690 710/710 709/709
f 691/691 692/692 711/711
f 691/691 711/711 710/710
f 692/692 693/693 712/712
f 692/692 712/712 711/711
f 693/693 694/694 713/713
f 693/693 713/713 712/712
f 694/694 695/695 714/714
f 694/694 714/714 713/713
f 695/695 696/696 715/715
f 695/695 715/715 714/714
f 696/696 697/697 716/716
f 696/696 716/716 715/715
f 697/697 698/698 717/717
f 697/697 717/717 716/716
f 698/698 699/699 718/718
f 698/698 718/718 717/717
f 699/699 700/700 719/719
f 699/699 719/719 718/718
f 700/700 701/701 720/720
f 700/700 720/720 719/719
f 701/701 702/702 721/721
f 701/701 721/721 720/720
f 702/702 703/703 722/722
f 702/702 722/722 721/721
f 704/704 705/705 724/724
f 704/704 724/724 723/723
f 705/705 706/706 725/725
f 705/705 725/725 724/724
f 706/706 707/707 726/726
f 706/706 726/726 725/725
f 707/707 708/708 727/727
f 707/707 727/727 726/726
f 708/708 709/709 728/728
f 708/708 728/728 727/727
f 709/709 710/710 729/729
f 709/709 729/729 728/728
f 710/710 711/711 730/730
f 710/710 730/730 729/729
f 711/711 712/712 731/731
f 711/711 731/731 730/730
f 712/712 713/713 732/732
f 712/712 732/732 731/731
f 713/713 714/714 733/733
f 713/713 733/733 732/732
f 714/714 715/715 734/734
f 714/714 734/734 733/733
f 715/715 716/716 735/735
f 715/715 735/735 734/734
f 716/716 717/717 736/736
f 716/716 736/736 735/735
f 717/717 718/718 737/737
f 717/717 737/737 736/736
f 718/718 719/719 738/738
f 718/718 738/738 737/737
f 719/719 720/720 739/739
f 719/719 739/739 738/738
f 720/720 721/721 740/740
f 720/720 740/740 739/739
f 721/721 722/722 741/741
f 721/721 741/741 740/740
f 723/723 724/724 743/743
f 723/723 743/743 742/742
f 724/724 725/725 744/744
f 724/724 744/744 743/743
f 725/725 726/726 745/745
f 725/725 745/745 744/744
f 726/726 727/727 746/746
f 726/726 746/746 745/745
f 727/727 728/728 747/747
f 727/727 747/747 746/746
f 728/728 729/729 748/748
f 728/728 748/748 747/747
f 729/729 730/730 749/749
f 729/729 749/749 748/748
f 730/730 731/731 750/750
f 730/730 750/750 749/749
f 731/731 732/732 751/751
f 731/731 751/751 750/750
f 732/732 733/733 752/752
f 732/732 752/752 751/751
f 733/733 734/734 753/753
f 733/733 753/753 752/752
f 734/734 735/735 754/754
f 734/734 754/754 753/753
f 735/735 736/736 755/755
f 735/735 755/755 754/754
f 736/736 737/737 756/756
f 736/736 756/756 755/755
f 737/737 738/738 757/757
f 737/737 757/757 756/756
f 738/738 739/739 758/758
f 738/738 758/758 757/757
f 739/739 740/740 759/759
f 739/739 759/759 758/758
f 740/740 741/741 760/760
f 740/740 760/760 759/759
f 742/742 743/743 762/762
f 742/742 762/762 761/761
f 743/743 744/744 763/763
f 743/743 763/763 762/762
f 744/744 745/745 764/764
f 744/744 764/764 763/763
f 745/745 746/746 765/765
f 745/745 765/765 764/764
f 746/746 747/747 766/766
f 746/746 766/766 765/765
f 747/747 748/748 767/767
f 747/747 767/767 766/766
f 748/748 749/749 768/768
f 748/748 768/768 767/767
f 749/749 750/750 769/769
f 749/749 769/769 768/768
f 750/750 751/751 770/770
f 750/750 770/770 769/769
f 751/751 752/752 771/771
f 751/751 771/771 770/770
f 752/752 753/753 772/772
f 752/752 772/772 771/771
f 753/753 754/754 773/773
f 753/753 773/773 772/772
f 754/754 755/755 774/774
f 754/754 774/774 773/773
f 755/755 756/756 775/775
f 755/755 775/775 774/774
f 756/756 757/757 776/776
f 756/756 776/776 775/775
f 757/757 758/758 777/777
f 757/757 777/777 776/776
f 758/758 759/759 778/778
f 758/758 778/778 777/777
f 759/759 760/760 779/779
f 759/759 779/779 778/778
f 761/761 762/762 781/781
f 761/761 781/781 780/780
f 762/762 763/763 782/782
f 762/762 782/782 781/781
f 763/763 764/764 783/783
f 763/763 783/783 782/782
f 764/764 765/765 784/784
f 764/764 784/784 783/783
f 765/765 766/766 785/785
f 765/765 785/785 784/784
f 766/766 767/767 786/786
f 766/766 786/786 785/785
f 767/767 768/768 787/787
f 767/767 787/787 786/786
f 768/768 769/769 788/788
f 768/768 788/788 787/787
f 769/769 770/770 789/789
f 769/769 789/789 788/788
f 770/770 771/771 790/790
f 770/770 790/790 789/789
f 771/771 772/772 791/791
f 771/771 791/791 790/790
f 772/772 773/773 792/792
f 772/772 792/792 791/791
f 773/773 774/774 793/793
f 773/773 793/793 792/792
f 774/774 775/775 794/794
f 774/774 794/794 793/793
f 775/775 776/776 795/795
f 775/775 795/795 794/794
f 776/776 777/777 796/796
f 776/776 796/796 795/795
f 777/777 778/778 797/797
f 777/777 797/797 796/796
f 778/778 779/779 798/798
f 778/778 798/798 797/797
f 780/780 781/781 800/800
f 780/780 800/800 799/799
f 781/781 782/782 801/801
f 781/781 801/801 800/800
f 782/782 783/783 802/802
f 782/782 802/802 801/801
f 783/783 784/784 803/803
f 783/783 803/803 802/802
f 784/784 785/785 804/804
f 784/784 804/804 803/803
f 785/785 786/786 805/805
f 785/785 805/805 804/804
f 786/786 787/787 806/806
f 786/786 806/806 805/805
f 787/787 788/788 807/807
f 787/787 807/807 806/806
f 788/788 789/789 808/808
f 788/788 808/808 807/807
f 789/789 790/790 809/809
f 789/789 809/809 808/808
f 790/790 791/791 810/810
f 790/790 810/810 809/809
f 791/791 792/792 811/811
f 791/791 811/811 810/810
f 792/792 793/793 812/812
f 792/792 812/812 811/811
f 793/793 794/794 813/813
f 793/793 813/813 812/812
f 794/794 795/795 814/814
f 794/794 814/814 813/813
f 795/795 796/796 815/815
f 795/795 815/815 814/814
f 796/796 797/797 816/816
f 796/796 816/816 815/815
f 797/797 798/798 817/817
f 797/797 817/817 816/816
f 799/799 800/800 819/819
f 799/799 819/819 818/818
f 800/800 801/801 820/820
f 800/800 820/820 819/819
f 801/801 802/802 821/821
f 801/801 821/821 820/820
f 802/802 803/803 822/822
f 802/802 822/822 821/821
f 803/803 804/804 823/823
f 803/803 823/823 822/822
f 804/804 805/805 824/824
f 804/804 824/824 823/823
f 805/805 806/806 825/825
f 805/805 825/825 824/824
f 806/806 807/807 826/826
f 806/806 826/826 825/825
f 807/807 808/808 827/827
f 807/807 827/827 826/826
f 808/808 809/809 828/828
f 808/808 828/828 827/827
f 809/809 810/810 829/829
f 809/809 829/829 828/828
f 810/810 811/811 830/830
f 810/810 830/830 829/829
f 811/811 812/812 831/831
f 811/811 831/831 830/830
f 812/812 813/813 832/832
f 812/812 832/832 831/831
f 813/813 814/814 833/833
f 813/813 833/833 832/832
f 814/814 815/815 834/834
f 814/814 834/834 833/833
f 815/815 816/816 835/835
f 815/815 835/835 834/834
f 816/816 817/817 836/836
f 816/816 836/836 835/835
f 818/818 819/819 838/838
f 818/818 838/838 837/837
f 819/819 820/820 839/839
f 819/819 839/839 838/838
f 820/820 821/821 840/840
f 820/820 840/840 839/839
f 821/821 822/822 841/841
f 821/821 841/841 840/840
f 822/822 823/823 842/842
f 822/822 842/842 841/841
f 823/823 824/824 843/843
f 823/823 843/843 842/842
f 824/824 825/825 844/844
f 824/824 844/844 843/843
f 825/825 826/826 845/845
f 825/825 845/845 844/844
f 826/826 827/827 846/846
f 826/826 846/846 845/845
f 827/827 828/828 847/847
f 827/827 847/847 846/846
f 828/828 829/829 848/848
f 828/828 848/848 847/847
f 829/829 830/830 849/849
f 829/829 849/849 848/848
f 830/830 831/831 850/850
f 830/830 850/850 849/849
f 831/831 832/832 851/851
f 831/831 851/851 850/850
f 832/832 833/833 852/852
f 832/832 852/852 851/851
f 833/833 834/834 853/853
f 833/833 853/853 852/852
f 834/834 835/835 854/854
f 834/834 854/854 853/853
f 835/835 836/836 855/855
f 835/835 855/855 854/854
f 837/837 838/838 857/857
f 837/837 857/857 856/856
f 838/838 839/839 858/858
f 838/838 858/858 857/857
f 839/839 840/840 859/859
f 839/839 859/859 858/858
f 840/840 841/841 860/860
f 840/840 860/860 859/859
f 841/841 842/842 861/861
f 841/841 861/861 860/860
f 842/842 843/843 862/862
f 842/842 862/862 861/861
f 843/843 844/844 863/863
f 843/843 863/863 862/862
f 844/844 845/845 864/864
f 844/844 864/864 863/863
f 845/845 846/846 865/865
f 845/845 865/865 864/864
f 846/846 847/847 866/866
f 846/846 866/866 865/865
f 847/847 848/848 867/867
f 847/847 867/867 866/866
f 848/848 849/849 868/868
f 848/848 868/868 867/867
f 849/849 850/850 869/869
f 849/849 869/869 868/868
f 850/850 851/851 870/870
f 850/850 870/870 869/869
f 851/851 852/852 871/871
f 851/851 871/871 870/870
f 852/852 853/853 872/872
f 852/852 872/872 871/871
f 853/853 854/854 873/873
f 853/853 873/873 872/872
f 854/854 855/855 874/874
f 854/854 874/874 873/873
f 856/856 857/857 876/876
f 856/856 876/876 875/875
f 857/857 858/858 877/877
f 857/857 877/877 876/876
f 858/858 859/859 878/878
f 858/858 878/878 877/877
f 859/859 860/860 879/879
f 859/859 879/879 878/878
f 860/860 861/861 880/880
f 860/860 880/880 879/879
f 861/861 862/862 881/881
f 861/861 881/881 880/880
f 862/862 863/863 882/882
f 862/862 882/882 881/881
f 863/863 864/864 883/883
f 863/863 883/883 882/882
f 864/864 865/865 884/884
f 864/864 884/884 883/883
f 865/865 866/866 885/885
f 865/865 885/885 884/884
f 866/866 867/867 886/886
f 866/866 886/886 885/885
f 867/867 868/868 887/887
f 867/867 887/887 886/886
f 868/868 869/869 888/888
f 868/868 888/888 887/887
f 869/869 870/870 889/889
f 869/869 889/889 888/888
f 870/870 871/871 890/890
f 870/870 890/890 889/889
f 871/871 872/872 891/891
f 871/871 891/891 890/890
f 872/872 873/873 892/892
f 872/872 892/892 891/891
f 873/873 874/874 893/893
f 873/873 893/893 892/892
f 875/875 876/876 895/895
f 875/875 895/895 894/894
f 876/876 877/877 896/896
f 876/876 896/896 895/895
f 877/877 878/878 897/897
f 877/877 897/897 896/896
f 878/878 879/879 898/898
f 878/878 898/898 897/897
f 879/879 880/880 899/899
f 879/879 899/899 898/898
f 880/880 881/881 900/900
f 880/880 900/900 899/899
f 881/881 882/882 901/901
f 881/881 901/901 900/900
f 882/882 883/883 902/902
f 882/882 902/902 901/901
f 883/883 884/884 903/903
f 883/883 903/903 902/902
f 884/884 885/885 904/904
f 884/884 904/904 903/903
f 885/885 886/886 905/905
f 885/885 905/905 904/904
f 886/886 887/887 906/906
f 886/886 906/906 905/905
f 887/887 888/888 907/907
f 887/887 907/907 906/906
f 888/888 889/889 908/908
f 888/888 908/908 907/907
f 889/889 890/890 909/909
f 889/889 909/909 908/908
f 890/890 891/891 910/910
f 890/890 910/910 909/909
f 891/891 892/892 911/911
f 891/891 911/911 910/910
f 892/892 893/893 912/912
f 892/892 912/912 911/911
f 894/894 895/895 914/914
f 894/894 914/914 913/913
f 895/895 896/896 915/915
f 895/895 915/915 914/914
f 896/896 897/897 916/916
f 896/896 916/916 915/915
f 897/897 898/898 917/917
f 897/897 917/917 916/916
f 898/898 899/899 918/918
f 898/898 918/918 917/917
f 899/899 900/900 919/919
f 899/899 919/919 918/918
f 900/900 901/901 920/920
f 900/900 920/920 919/919
f 901/901 902/902 921/921
f 901/901 921/921 920/920
f 902/902 903/903 922/922
f 902/902 922/922 921/921
f 903/903 904/904 923/923
f 903/903 923/923 922/922
f 904/904 905/905 924/924
f 904/904 924/924 923/923
f 905/905 906/906 925/925
f 905/905 925/925 924/924
f 906/906 907/907 926/926
f 906/906 926/926 925/925
f 907/907 908/908 927/927
f 907/907 927/927 926/926
f 908/908 909/909 928/928
f 908/908 928/928 927/927
f 909/909 910/910 929/929
f 909/909 929/929 928/928
f 910/910 911/911 930/930
f 910/910 930/930 929/929
f 911/911 912/912 931/931
f 911/911 931/931 930/930
f 913/913 914/914 933/933
f 913/913 933/933 932/932
f 914/914 915/915 934/934
f 914/914 934/934 933/933
f 915/915 916/916 935/935
f 915/915 935/935 934/934
f 916/916 917/917 936/936
f 916/916 936/936 935/935
f 917/917 918/918 937/937
f 917/917 937/937 936/936
f 918/918 919/919 938/938
f 918/918 938/938 937/937
f 919/919 920/920 939/939
f 919/919 939/939 938/938
f 920/920 921/921 940/940
f 920/920 940/940 939/939
f 921/921 922/922 941/941
f 921/921 941/941 940/940
f 922/922 923/923 942/942
f 922/922 942/942 941/941
f 923/923 924/924 943/943
f 923/923 943/943 942/942
f 924/924 925/925 944/944
f 924/924 944/944 943/943
f 925/925 926/926 945/945
f 925/925 945/945 944/944
f 926/926 927/927 946/946
f 926/926 946/946 945/945
f 927/927 928/928 947/947
f 927/927 947/947 946/946
f 928/928 929/929 948/948
f 928/928 948/948 947/947
f 929/929 930/930 949/949
f 929/929 949/949 948/948
f 930/930 931/931 950/950
f 930/930 950/950 949/949
f 932/932 933/933 952/952
f 932/932 952/952 951/951
f 933/933 934/934 953/953
f 933/933 953/953 952/952
f 934/934 935/935 954/954
f 934/934 954/954 953/953
f 935/935 936/936 955/955
f 935/935 955/955 954/954
f 936/936 937/937 956/956
f 936/936 956/956 955/955
f 937/937 938/938 957/957
f 937/937 957/957 956/956
f 938/938 939/939 958/958
f 938/938 958/958 957/957
f 939/939 940/940 959/959
f 939/939 959/959 958/958
f 940/940 941/941 960/960
f 940/940 960/960 959/959
f 941/941 942/942 961/961
f 941/941 961/961 960/960
f 942/942 943/943 962/962
f 942/942 962/962 961/961
f 943/943 944/944 963/963
f 943/943 963/963 962/962
f 944/944 945/945 964/964
f 944/944 964/964 963/963
f 945/945 946/946 965/965
f 945/945 965/965 964/964
f 946/946 947/947 966/966
f 946/946 966/966 965/965
f 947/947 948/948 967/967
f 947/947 967/967 966/966
f 948/948 949/949 968/968
f 948/948 968/968 967/967
f 949/949 950/950 969/969
f 949/949 969/969 968/968
f 951/951 952/952 971/971
f 951/951 971/971 970/970
f 952/952 953/953 972/972
f 952/952 972/972 971/971
f 953/953 954/954 973/973
f 953/953 973/973 972/972
f 954/954 955/955 974/974
f 954/954 974/974 973/973
f 955/955 956/956 975/975
f 955/955 975/975 974/974
f 956/956 957/957 976/976
f 956/956 976/976 975/975
f 957/957 958/958 977/977
f 957/957 977/977 976/976
f 958/958 959/959 978/978
f 958/958 978/978 977/977
f 959/959 960/960 979/979
f 959/959 979/979 978/978
f 960/960 961/961 980/980
f 960/960 980/980 979/979
f 961/961 962/962 981/981
f 961/961 981/981 980/980
f 962/962 963/963 982/982
f 962/962 982/982 981/981
f 963/963 964/964 983/983
f 963/963 983/983 982/982
f 964/964 965/965 984/984
f 964/964 984/984 983/983
f 965/965 966/966 985/985
f 965/965 985/985 984/984
f 966/966 967/967 986/986
f 966/966 986/986 985/985
f 967/967 968/968 987/987
f 967/967 987/987 986/986
f 968/968 969/969 988/988
f 968/968 988/988 987/987
f 970/970 971/971 990/990
f 970/970 990/990 989/989
f 971/971 972/972 991/991
f 971/971 991/991 990/990
f 972/972 973/973 992/992
f 972/972 992/992 991/991
f 973/973 974/974 993/993
f 973/973 993/993 992/992
f 974/974 975/975 994/994
f 974/974 994/994 993/993
f 975/975 976/976 995/995
f 975/975 995/995 994/994
f 976/976 977/977 996/996
f 976/976 996/996 995/995
f 977/977 978/978 997/997
f 977/977 997/997 996/996
f 978/978 979/979 998/998
f 978/978 998/998 997/997
f 979/979 980/980 999/999
f 979/979 999/999 998/998
f 980/980 981/981 1000/1000
f 980/980 1000/1000 999/999
f 981/981 982/982 1001/1001
f 981/981 1001/1001 1000/1000
f 982/982 983/983 1002/1002
f 982/982 1002/1002 1001/1001
f 983/983 984/984 1003/1003
f 983/983 1003/1003 1002/1002
f 984/984 985/985 1004/1004
f 984/984 1004/1004 1003/1003
f 985/985 986/986 1005/1005
f 985/985 1005/1005 1004/1004
f 986/986 987/987 1006/1006
f 986/986 1006/1006 1005/1005
f 987/987 988/988 1007/1007
f 987/987 1007/1007 1006/1006
f 989/989 990/990 1009/1009
f 989/989 1009/1009 1008/1008
f 990/990 991/991 1010/1010
f 990/990 1010/1010 1009/1009
f 991/991 992/992 1011/1011
f 991/991 1011/1011 1010/1010
f 992/992 993/993 1012/1012
f 992/992 1012/1012 1011/1011
f 993/993 994/994 1013/1013
f 993/993 1013/1013 1012/1012
f 994/994 995/995 1014/1014
f 994/994 1014/1014 1013/1013
f 995/995 996/996 1015/1015
f 995/995 1015/1015 1014/1014
f 996/996 997/997 1016/1016
f 996/996 1016/1016 1015/1015
f 997/997 998/998 1017/1017
f 997/997 1017/1017 1016/1016
f 998/998 999/999 1018/1018
f 998/998 1018/1018 1017/1017
f 999/999 1000/1000 1019/1019
f 999/999 1019/1019 1018/1018
f 1000/1000 1001/1001 1020/1020
f 1000/1000 1020/1020 1019/1019
f 1001/1001 1002/1002 1021/1021
f 1001/1001 1021/1021 1020/1020
f 1002/1002 1003/1003 1022/1022
f 1002/1002 1022/1022 1021/1021
f 1003/1003 1004/1004 1023/1023
f 1003/1003 1023/1023 1022/1022
f 1004/1004 1005/1005 1024/1024
f 1004/1004 1024/1024 1023/1023
f 1005/1005 1006/1006 1025/1025
f 1005/1005 1025/1025 1024/1024
f 1006/1006 1007/1007 1026/1026
f 1006/1006 1026/1026 1025/1025
f 1008/1008 1009/1009 1028/1028
f 1008/1008 1028/1028 1027/1027
f 1009/1009 1010/1010 1029/1029
f 1009/1009 1029/1029 1028/1028
f 1010/1010 1011/1011 1030/1030
f 1010/1010 1030/1030 1029/1029
f 1011/1011 1012/1012 1031/1031
f 1011/1011 1031/1031 1030/1030
f 1012/1012 1013/1013 1032/1032
f 1012/1012 1032/1032 1031/1031
f 1013/1013 1014/1014 1033/1033
f 1013/1013 1033/1033 1032/1032
f 1014/1014 1015/1015 1034/1034
f 1014/1014 1034/1034 1033/1033
f 1015/1015 1016/1016 1035/1035
f 1015/1015 1035/1035 1034/1034
f 1016/1016 1017/1017 1036/1036
f 1016/1016 1036/1036 1035/1035
f 1017/1017 1018/1018 1037/1037
f 1017/1017 1037/1037 1036/1036
f 1018/1018 1019/1019 1038/1038
f 1018/1018 1038/1038 1037/1037
f 1019/1019 1020/1020 1039/1039
f 1019/1019 1039/1039 1038/1038
f 1020/1020 1021/1021 1040/1040
f 1020/1020 1040/1040 1039/1039
f 1021/1021 1022/1022 1041/1041
f 1021/1021 1041/1041 1040/1040
f 1022/1022 1023/1023 1042/1042
f 1022/1022 1042/1042 1041/1041
f 1023/1023 1024/1024 1043/1043
f 1023/1023 1043/1043 1042/1042
f 1024/1024 1025/1025 1044/1044
f 1024/1024 1044/1044 1043/1043
f 1025/1025 1026/1026 1045/1045
f 1025/1025 1045/1045 1044/1044
f 1027/1027 1028/1028 1047/1047
f 1027/1027 1047/1047 1046/1046
f 1028/1028 1029/1029 1048/1048
f 1028/1028 1048/1048 1047/1047
f 1029/1029 1030/1030 1049/1049
f 1029/1029 1049/1049 1048/1048
f 1030/1030 1031/1031 1050/1050
f 1030/1030 1050/1050 1049/1049
f 1031/1031 1032/1032 1051/1051
f 1031/1031 1051/1051 1050/1050
f 1032/1032 1033/1033 1052/1052
f 1032/1032 1052/1052 1051/1051
f 1033/1033 1034/1034 1053/1053
f 1033/1033 1053/1053 1052/1052
f 1034/1034 1035/1035 1054/1054
f 1034/1034 1054/1054 1053/1053
f 1035/1035 1036/1036 1055/1055
f 1035/1035 1055/1055 1054/1054
f 1036/1036 1037/1037 1056/1056
f 1036/1036 1056/1056 1055/1055
f 1037/1037 1038/1038 1057/1057
f 1037/1037 1057/1057 1056/1056
f 1038/1038 1039/1039 1058/1058
f 1038/1038 1058/1058 1057/1057
f 1039/1039 1040/1040 1059/1059
f 1039/1039 1059/1059 1058/1058
f 1040/1040 1041/1041 1060/1060
f 1040/1040 1060/1060 1059/1059
f 1041/1041 1042/1042 1061/1061
f 1041/1041 1061/1061 1060/1060
f 1042/1042 1043/1043 1062/1062
f 1042/1042 1062/1062 1061/1061
f 1043/1043 1044/1044 1063/1063
f 1043/1043 1063/1063 1062/1062
f 1044/1044 1045/1045 1064/1064
f 1044/1044 1064/1064 1063/1063
f 1046/1046 1047/1047 1066/1066
f 1046/1046 1066/1066 1065/1065
f 1047/1047 1048/1048 1067/1067
f 1047/1047 1067/1067 1066/1066
f 1048/1048 1049/1049 1068/1068
f 1048/1048 1068/1068 1067/1067
f 1049/1049 1050/1050 1069/1069
f 1049/1049 1069/1069 1068/1068
f 1050/1050 1051/1051 1070/1070
f 1050/1050 1070/1070 1069/1069
f 1051/1051 1052/1052 1071/1071
f 1051/1051 1071/1071 1070/1070
f 1052/1052 1053/1053 1072/1072
f 1052/1052 1072/1072 1071/1071
f 1053/1053 1054/1054 1073/1073
f 1053/1053 1073/1073 1072/1072
f 1054/1054 1055/1055 1074/1074
f 1054/1054 1074/1074 1073/1073
f 1055/1055 1056/1056 1075/1075
f 1055/1055 1075/1075 1074/1074
f 1056/1056 1057/1057 1076/1076
f 1056/1056 1076/1076 1075/1075
f 1057/1057 1058/1058 1077/1077
f 1057/1057 1077/1077 1076/1076
f 1058/1058 1059/1059 1078/1078
f 1058/1058 1078/1078 1077/1077
f 1059/1059 1060/1060 1079/1079
f 1059/1059 1079/1079 1078/1078
f 1060/1060 1061/1061 1080/1080
f 1060/1060 1080/1080 1079/1079
f 1061/1061 1062/1062 1081/1081
f 1061/1061 1081/1081 1080/1080
f 1062/1062 1063/1063 1082/1082
f 1062/1062 1082/1082 1081/1081
f 1063/1063 1064/1064 1083/1083
f 1063/1063 1083/1083 1082/1082
f 1065/1065 1066/1066 1085/1085
f 1065/1065 1085/1085 1084/1084
f 1066/1066 1067/1067 1086/1086
f 1066/1066 1086/1086 1085/1085
f 1067/1067 1068/1068 1087/1087
f 1067/1067 1087/1087 1086/1086
f 1068/1068 1069/1069 1088/1088
f 1068/1068 1088/1088 1087/1087
f 1069/1069 1070/1070 1089/1089
f 1069/1069 1089/1089 1088/1088
f 1070/1070 1071/1071 1090/1090
f 1070/1070 1090/1090 1089/1089
f 1071/1071 1072/1072 1091/1091
f 1071/1071 1091/1091 1090/1090
f 1072/1072 1073/1073 1092/1092
f 1072/1072 1092/1092 1091/1091
f 1073/1073 1074/1074 1093/1093
f 1073/1073 1093/1093 1092/1092
f 1074/1074 1075/1075 1094/1094
f 1074/1074 1094/1094 1093/1093
f 1075/1075 1076/1076 1095/1095
f 1075/1075 1095/1095 1094/1094
f 1076/1076 1077/1077 1096/1096
f 1076/1076 1096/1096 1095/1095
f 1077/1077 1078/1078 1097/1097
f 1077/1077 1097/1097 1096/1096
f 1078/1078 1079/1079 1098/1098
f 1078/1078 1098/1098 1097/1097
f 1079/1079 1080/1080 1099/1099
f 1079/1079 1099/1099 1098/1098
f 1080/1080 1081/1081 1100/1100
f 1080/1080 1100/1100 1099/1099
f 1081/1081 1082/1082 1101/1101
f 1081/1081 1101/1101 1100/1100
f 1082/1082 1083/1083 1102/1102
f 1082/1082 1102/1102 1101/1101
f 1/1 552/552 571/571
f 1/1 571/571 20/20
f 19/19 38/38 589/589
f 19/19 589/589 570/570
f 20/20 571/571 590/590
f 20/20 590/590 39/39
f 38/38 57/57 608/608
f 38/38 608/608 589/589
f 39/39 590/590 609/609
f 39/39 609/609 58/58
f 57/57 76/76 627/627
f 57/57 627/627 608/608
f 58/58 609/609 628/628
f 58/58 628/628 77/77
f 76/76 95/95 646/646
f 76/76 646/646 627/627
f 77/77 628/628 647/647
f 77/77 647/647 96/96
f 95/95 114/114 665/665
f 95/95 665/665 646/646
f 96/96 647/647 666/666
f 96/96 666/666 115/115
f 114/114 133/133 684/684
f 114/114 684/684 665/665
f 115/115 666/666 685/685
f 115/115 685/685 134/134
f 133/133 152/152 703/703
f 133/133 703/703 684/684
f 134/134 685/685 704/704
f 134/134 704/704 153/153
f 152/152 171/171 722/722
f 152/152 722/722 703/703
f 153/153 704/704 723/723
f 153/153 723/723 172/172
f 171/171 190/190 741/741
f 171/171 741/741 722/722
f 172/172 723/723 742/742
f 172/172 742/742 191/191
f 190/190 209/209 760/760
f 190/190 760/760 741/741
f 191/191 742/742 761/761
f 191/191 761/761 210/210
f 209/209 228/228 779/779
f 209/209 779/779 760/760
f 210/210 761/761 780/780
f 210/210 780/780 229/229
f 228/228 247/247 798/798
f 228/228 798/798 779/779
f 229/229 780/780 799/799
f 229/229 799/799 248/248
f 247/247 266/266 817/817
f 247/247 817/817 798/798
f 248/248 799/799 818/818
f 248/248 818/818 267/267
f 266/266 285/285 836/836
f 266/266 836/836 817/817
f 267/267 818/818 837/837
f 267/267 837/837 286/286
f 285/285 304/304 855/855
f 285/285 855/855 836/836
f 286/286 837/837 856/856
f 286/286 856/856 305/305
f 304/304 323/323 874/874
f 304/304 874/874 855/855
f 305/305 856/856 875/875
f 305/305 875/875 324/324
f 323/323 342/342 893/893
f 323/323 893/893 874/874
f 324/324 875/875 894/894
f 324/324 894/894 343/343
f 342/342 361/361 912/912
f 342/342 912/912 893/893
f 343/343 894/894 913/913
f 343/343 913/913 362/362
f 361/361 380/380 931/931
f 361/361 931/931 912/912
f 362/362 913/913 932/932
f 362/362 932/932 381/381
f 380/380 399/399 950/950
f 380/380 950/950 931/931
f 381/381 932/932 951/951
f 381/381 951/951 400/400
f 399/399 418/418 969/969
f 399/399 969/969 950/950
f 400/400 951/951 970/970
f 400/400 970/970 419/419
f 418/418 437/437 988/988
f 418/418 988/988 969/969
f 419/419 970/970 989/989
f 419/419 989/989 438/438
f 437/437 456/456 1007/1007
f 437/437 1007/1007 988/988
f 438/438 989/989 1008/1008
f 438/438 1008/1008 457/457
f 456/456 475/475 1026/1026
f 456/456 1026/1026 1007/1007
f 457/457 1008/1008 1027/1027
f 457/457 1027/1027 476/476
f 475/475 494/494 1045/1045
f 475/475 1045/1045 1026/1026
f 476/476 1027/1027 1046/1046
f 476/476 1046/1046 495/495
f 494/494 513/513 1064/1064
f 494/494 1064/1064 1045/1045
f 495/495 1046/1046 1065/1065
f 495/495 1065/1065 514/514
f 513/513 532/532 1083/1083
f 513/513 1083/1083 1064/1064
f 514/514 1065/1065 1084/1084
f 514/514 1084/1084 533/533
f 532/532 551/551 1102/1102
f 532/532 1102/1102 1083/1083

o geometry_1
usemtl Bordô
v -0.57000000 0.00000000 1.52000000
v -0.57000000 0.00000000 1.41000000
v -0.19000000 0.00000000 1.52000000
v -0.57000000 0.03399187 1.41538378
v -0.57000000 0.06465638 1.43100813
v -0.57000000 0.08899187 1.45534362
v -0.57000000 0.10461622 1.48600813
v -0.57000000 0.11000000 1.52000000
v -0.57000000 0.10461622 1.55399187
v -0.57000000 0.08899187 1.58465638
v -0.57000000 0.06465638 1.60899187
v -0.57000000 0.03399187 1.62461622
v -0.57000000 0.00000000 1.63000000
v -0.57000000 -0.03399187 1.62461622
v -0.57000000 -0.06465638 1.60899187
v -0.57000000 -0.08899187 1.58465638
v -0.57000000 -0.10461622 1.55399187
v -0.57000000 -0.11000000 1.52000000
v -0.57000000 -0.10461622 1.48600813
v -0.57000000 -0.08899187 1.45534362
v -0.57000000 -0.06465638 1.43100813
v -0.57000000 -0.03399187 1.41538378
f 1104 1103 1106
f 1104 1106 1105
f 1106 1103 1107
f 1106 1107 1105
f 1107 1103 1108
f 1107 1108 1105
f 1108 1103 1109
f 1108 1109 1105
f 1109 1103 1110
f 1109 1110 1105
f 1110 1103 1111
f 1110 1111 1105
f 1111 1103 1112
f 1111 1112 1105
f 1112 1103 1113
f 1112 1113 1105
f 1113 1103 1114
f 1113 1114 1105
f 1114 1103 1115
f 1114 1115 1105
f 1115 1103 1116
f 1115 1116 1105
f 1116 1103 1117
f 1116 1117 1105
f 1117 1103 1118
f 1117 1118 1105
f 1118 1103 1119
f 1118 1119 1105
f 1119 1103 1120
f 1119 1120 1105
f 1120 1103 1121
f 1120 1121 1105
f 1121 1103 1122
f 1121 1122 1105
f 1122 1103 1123
f 1122 1123 1105
f 1123 1103 1124
f 1123 1124 1105
f 1124 1103 1104
f 1124 1104 1105

o geometry_2
usemtl Bordô
v 0.57000000 0.00000000 1.52000000
v 0.57000000 0.00000000 1.41000000
v 0.95000000 0.00000000 1.52000000
v 0.57000000 0.03399187 1.41538378
v 0.57000000 0.06465638 1.43100813
v 0.57000000 0.08899187 1.45534362
v 0.57000000 0.10461622 1.48600813
v 0.57000000 0.11000000 1.52000000
v 0.57000000 0.10461622 1.55399187
v 0.57000000 0.08899187 1.58465638
v 0.57000000 0.06465638 1.60899187
v 0.57000000 0.03399187 1.62461622
v 0.57000000 0.00000000 1.63000000
v 0.57000000 -0.03399187 1.62461622
v 0.57000000 -0.06465638 1.60899187
v 0.57000000 -0.08899187 1.58465638
v 0.57000000 -0.10461622 1.55399187
v 0.57000000 -0.11000000 1.52000000
v 0.57000000 -0.10461622 1.48600813
v 0.57000000 -0.08899187 1.45534362
v 0.57000000 -0.06465638 1.43100813
v 0.57000000 -0.03399187 1.41538378
f 1126 1125 1128
f 1126 1128 1127
f 1128 1125 1129
f 1128 1129 1127
f 1129 1125 1130
f 1129 1130 1127
f 1130 1125 1131
f 1130 1131 1127
f 1131 1125 1132
f 1131 1132 1127
f 1132 1125 1133
f 1132 1133 1127
f 1133 1125 1134
f 1133 1134 1127
f 1134 1125 1135
f 1134 1135 1127
f 1135 1125 1136
f 1135 1136 1127
f 1136 1125 1137
f 1136 1137 1127
f 1137 1125 1138
f 1137 1138 1127
f 1138 1125 1139
f 1138 1139 1127
f 1139 1125 1140
f 1139 1140 1127
f 1140 1125 1141
f 1140 1141 1127
f 1141 1125 1142
f 1141 1142 1127
f 1142 1125 1143
f 1142 1143 1127
f 1143 1125 1144
f 1143 1144 1127
f 1144 1125 1145
f 1144 1145 1127
f 1145 1125 1146
f 1145 1146 1127
f 1146 1125 1126
f 1146 1126 1127

o geometry_3
usemtl Bordô
v 0.31725000 0.00000000 1.75000000
v 0.30564778 -0.03570795 1.75000000
v 0.27527278 -0.05777668 1.75000000
v 0.23772722 -0.05777668 1.75000000
v 0.20735222 -0.03570795 1.75000000
v 0.19575000 -0.00000000 1.75000000
v 0.20735222 0.03570795 1.75000000
v 0.23772722 0.05777668 1.75000000
v 0.27527278 0.05777668 1.75000000
v 0.30564778 0.03570795 1.75000000
v 0.31334413 0.00000000 1.79962883
v 0.30188475 -0.03570795 1.79781385
v 0.27188372 -0.05777668 1.79306215
v 0.23480040 -0.05777668 1.78718873
v 0.20479937 -0.03570795 1.78243703
v 0.19333999 -0.00000000 1.78062205
v 0.20479937 0.03570795 1.78243703
v 0.23480040 0.05777668 1.78718873
v 0.27188372 0.05777668 1.79306215
v 0.30188475 0.03570795 1.79781385
v 0.30172268 0.00000000 1.84803564
v 0.29068832 -0.03570795 1.84445036
v 0.26179997 -0.05777668 1.83506397
v 0.22609202 -0.05777668 1.82346175
v 0.19720368 -0.03570795 1.81407536
v 0.18616931 -0.00000000 1.81049008
v 0.19720368 0.03570795 1.81407536
v 0.22609202 0.05777668 1.82346175
v 0.26179997 0.05777668 1.83506397
v 0.29068832 0.03570795 1.84445036
v 0.28267182 0.00000000 1.89402849
v 0.27233417 -0.03570795 1.88876119
v 0.24526985 -0.05777668 1.87497123
v 0.21181650 -0.05777668 1.85792590
v 0.18475218 -0.03570795 1.84413594
v 0.17441453 -0.00000000 1.83886864
v 0.18475218 0.03570795 1.84413594
v 0.21181650 0.05777668 1.85792590
v 0.24526985 0.05777668 1.87497123
v 0.27233417 0.03570795 1.88876119
v 0.25666064 0.00000000 1.93647487
v 0.24727425 -0.03570795 1.92965526
v 0.22270036 -0.05777668 1.91180128
v 0.19232536 -0.05777668 1.88973255
v 0.16775147 -0.03570795 1.87187858
v 0.15836508 -0.00000000 1.86505896
v 0.16775147 0.03570795 1.87187858
v 0.19232536 0.05777668 1.88973255
v 0.22270036 0.05777668 1.91180128
v 0.24727425 0.03570795 1.92965526
v 0.22432963 0.00000000 1.97432963
v 0.21612562 -0.03570795 1.96612562
v 0.19464725 -0.05777668 1.94464725
v 0.16809853 -0.05777668 1.91809853
v 0.14662016 -0.03570795 1.89662016
v 0.13841615 0.00000000 1.88841615
v 0.14662016 0.03570795 1.89662016
v 0.16809853 0.05777668 1.91809853
v 0.19464725 0.05777668 1.94464725
v 0.21612562 0.03570795 1.96612562
v 0.18647487 0.00000000 2.00666064
v 0.17965526 -0.03570795 1.99727425
v 0.16180128 -0.05777668 1.97270036
v 0.13973255 -0.05777668 1.94232536
v 0.12187858 -0.03570795 1.91775147
v 0.11505896 0.00000000 1.90836508
v 0.12187858 0.03570795 1.91775147
v 0.13973255 0.05777668 1.94232536
v 0.16180128 0.05777668 1.97270036
v 0.17965526 0.03570795 1.99727425
v 0.14402849 0.00000000 2.03267182
v 0.13876119 -0.03570795 2.02233417
v 0.12497123 -0.05777668 1.99526985
v 0.10792590 -0.05777668 1.96181650
v 0.09413594 -0.03570795 1.93475218
v 0.08886864 0.00000000 1.92441453
v 0.09413594 0.03570795 1.93475218
v 0.10792590 0.05777668 1.96181650
v 0.12497123 0.05777668 1.99526985
v 0.13876119 0.03570795 2.02233417
v 0.09803564 0.00000000 2.05172268
v 0.09445036 -0.03570795 2.04068832
v 0.08506397 -0.05777668 2.01179997
v 0.07346175 -0.05777668 1.97609202
v 0.06407536 -0.03570795 1.94720368
v 0.06049008 0.00000000 1.93616931
v 0.06407536 0.03570795 1.94720368
v 0.07346175 0.05777668 1.97609202
v 0.08506397 0.05777668 2.01179997
v 0.09445036 0.03570795 2.04068832
v 0.04962883 0.00000000 2.06334413
v 0.04781385 -0.03570795 2.05188475
v 0.04306215 -0.05777668 2.02188372
v 0.03718873 -0.05777668 1.98480040
v 0.03243703 -0.03570795 1.95479937
v 0.03062205 0.00000000 1.94333999
v 0.03243703 0.03570795 1.95479937
v 0.03718873 0.05777668 1.98480040
v 0.04306215 0.05777668 2.02188372
v 0.04781385 0.03570795 2.05188475
v 0.00000000 0.00000000 2.06725000
v 0.00000000 -0.03570795 2.05564778
v 0.00000000 -0.05777668 2.02527278
v 0.00000000 -0.05777668 1.98772722
v 0.00000000 -0.03570795 1.95735222
v 0.00000000 0.00000000 1.94575000
v 0.00000000 0.03570795 1.95735222
v 0.00000000 0.05777668 1.98772722
v 0.00000000 0.05777668 2.02527278
v 0.00000000 0.03570795 2.05564778
v -0.04962883 0.00000000 2.06334413
v -0.04781385 -0.03570795 2.05188475
v -0.04306215 -0.05777668 2.02188372
v -0.03718873 -0.05777668 1.98480040
v -0.03243703 -0.03570795 1.95479937
v -0.03062205 0.00000000 1.94333999
v -0.03243703 0.03570795 1.95479937
v -0.03718873 0.05777668 1.98480040
v -0.04306215 0.05777668 2.02188372
v -0.04781385 0.03570795 2.05188475
v -0.09803564 0.00000000 2.05172268
v -0.09445036 -0.03570795 2.04068832
v -0.08506397 -0.05777668 2.01179997
v -0.07346175 -0.05777668 1.97609202
v -0.06407536 -0.03570795 1.94720368
v -0.06049008 0.00000000 1.93616931
v -0.06407536 0.03570795 1.94720368
v -0.07346175 0.05777668 1.97609202
v -0.08506397 0.05777668 2.01179997
v -0.09445036 0.03570795 2.04068832
v -0.14402849 0.00000000 2.03267182
v -0.13876119 -0.03570795 2.02233417
v -0.12497123 -0.05777668 1.99526985
v -0.10792590 -0.05777668 1.96181650
v -0.09413594 -0.03570795 1.93475218
v -0.08886864 0.00000000 1.92441453
v -0.09413594 0.03570795 1.93475218
v -0.10792590 0.05777668 1.96181650
v -0.12497123 0.05777668 1.99526985
v -0.13876119 0.03570795 2.02233417
v -0.18647487 0.00000000 2.00666064
v -0.17965526 -0.03570795 1.99727425
v -0.16180128 -0.05777668 1.97270036
v -0.13973255 -0.05777668 1.94232536
v -0.12187858 -0.03570795 1.91775147
v -0.11505896 0.00000000 1.90836508
v -0.12187858 0.03570795 1.91775147
v -0.13973255 0.05777668 1.94232536
v -0.16180128 0.05777668 1.97270036
v -0.17965526 0.03570795 1.99727425
v -0.22432963 0.00000000 1.97432963
v -0.21612562 -0.03570795 1.96612562
v -0.19464725 -0.05777668 1.94464725
v -0.16809853 -0.05777668 1.91809853
v -0.14662016 -0.03570795 1.89662016
v -0.13841615 0.00000000 1.88841615
v -0.14662016 0.03570795 1.89662016
v -0.16809853 0.05777668 1.91809853
v -0.19464725 0.05777668 1.94464725
v -0.21612562 0.03570795 1.96612562
v -0.25666064 0.00000000 1.93647487
v -0.24727425 -0.03570795 1.92965526
v -0.22270036 -0.05777668 1.91180128
v -0.19232536 -0.05777668 1.88973255
v -0.16775147 -0.03570795 1.87187858
v -0.15836508 -0.00000000 1.86505896
v -0.16775147 0.03570795 1.87187858
v -0.19232536 0.05777668 1.88973255
v -0.22270036 0.05777668 1.91180128
v -0.24727425 0.03570795 1.92965526
v -0.28267182 0.00000000 1.89402849
v -0.27233417 -0.03570795 1.88876119
v -0.24526985 -0.05777668 1.87497123
v -0.21181650 -0.05777668 1.85792590
v -0.18475218 -0.03570795 1.84413594
v -0.17441453 -0.00000000 1.83886864
v -0.18475218 0.03570795 1.84413594
v -0.21181650 0.05777668 1.85792590
v -0.24526985 0.05777668 1.87497123
v -0.27233417 0.03570795 1.88876119
v -0.30172268 0.00000000 1.84803564
v -0.29068832 -0.03570795 1.84445036
v -0.26179997 -0.05777668 1.83506397
v -0.22609202 -0.05777668 1.82346175
v -0.19720368 -0.03570795 1.81407536
v -0.18616931 -0.00000000 1.81049008
v -0.19720368 0.03570795 1.81407536
v -0.22609202 0.05777668 1.82346175
v -0.26179997 0.05777668 1.83506397
v -0.29068832 0.03570795 1.84445036
v -0.31334413 0.00000000 1.79962883
v -0.30188475 -0.03570795 1.79781385
v -0.27188372 -0.05777668 1.79306215
v -0.23480040 -0.05777668 1.78718873
v -0.20479937 -0.03570795 1.78243703
v -0.19333999 -0.00000000 1.78062205
v -0.20479937 0.03570795 1.78243703
v -0.23480040 0.05777668 1.78718873
v -0.27188372 0.05777668 1.79306215
v -0.30188475 0.03570795 1.79781385
v -0.31725000 0.00000000 1.75000000
v -0.30564778 -0.03570795 1.75000000
v -0.27527278 -0.05777668 1.75000000
v -0.23772722 -0.05777668 1.75000000
v -0.20735222 -0.03570795 1.75000000
v -0.19575000 -0.00000000 1.75000000
v -0.20735222 0.03570795 1.75000000
v -0.23772722 0.05777668 1.75000000
v -0.27527278 0.05777668 1.75000000
v -0.30564778 0.03570795 1.75000000
v -0.31334413 -0.00000000 1.70037117
v -0.30188475 -0.03570795 1.70218615
v -0.27188372 -0.05777668 1.70693785
v -0.23480040 -0.05777668 1.71281127
v -0.20479937 -0.03570795 1.71756297
v -0.19333999 -0.00000000 1.71937795
v -0.20479937 0.03570795 1.71756297
v -0.23480040 0.05777668 1.71281127
v -0.27188372 0.05777668 1.70693785
v -0.30188475 0.03570795 1.70218615
v -0.30172268 -0.00000000 1.65196436
v -0.29068832 -0.03570795 1.65554964
v -0.26179997 -0.05777668 1.66493603
v -0.22609202 -0.05777668 1.67653825
v -0.19720368 -0.03570795 1.68592464
v -0.18616931 -0.00000000 1.68950992
v -0.19720368 0.03570795 1.68592464
v -0.22609202 0.05777668 1.67653825
v -0.26179997 0.05777668 1.66493603
v -0.29068832 0.03570795 1.65554964
v -0.28267182 -0.00000000 1.60597151
v -0.27233417 -0.03570795 1.61123881
v -0.24526985 -0.05777668 1.62502877
v -0.21181650 -0.05777668 1.64207410
v -0.18475218 -0.03570795 1.65586406
v -0.17441453 -0.00000000 1.66113136
v -0.18475218 0.03570795 1.65586406
v -0.21181650 0.05777668 1.64207410
v -0.24526985 0.05777668 1.62502877
v -0.27233417 0.03570795 1.61123881
v -0.25666064 -0.00000000 1.56352513
v -0.24727425 -0.03570795 1.57034474
v -0.22270036 -0.05777668 1.58819872
v -0.19232536 -0.05777668 1.61026745
v -0.16775147 -0.03570795 1.62812142
v -0.15836508 -0.00000000 1.63494104
v -0.16775147 0.03570795 1.62812142
v -0.19232536 0.05777668 1.61026745
v -0.22270036 0.05777668 1.58819872
v -0.24727425 0.03570795 1.57034474
v -0.22432963 -0.00000000 1.52567037
v -0.21612562 -0.03570795 1.53387438
v -0.19464725 -0.05777668 1.55535275
v -0.16809853 -0.05777668 1.58190147
v -0.14662016 -0.03570795 1.60337984
v -0.13841615 -0.00000000 1.61158385
v -0.14662016 0.03570795 1.60337984
v -0.16809853 0.05777668 1.58190147
v -0.19464725 0.05777668 1.55535275
v -0.21612562 0.03570795 1.53387438
v -0.18647487 -0.00000000 1.49333936
v -0.17965526 -0.03570795 1.50272575
v -0.16180128 -0.05777668 1.52729964
v -0.13973255 -0.05777668 1.55767464
v -0.12187858 -0.03570795 1.58224853
v -0.11505896 -0.00000000 1.59163492
v -0.12187858 0.03570795 1.58224853
v -0.13973255 0.05777668 1.55767464
v -0.16180128 0.05777668 1.52729964
v -0.17965526 0.03570795 1.50272575
v -0.14402849 -0.00000000 1.46732818
v -0.13876119 -0.03570795 1.47766583
v -0.12497123 -0.05777668 1.50473015
v -0.10792590 -0.05777668 1.53818350
v -0.09413594 -0.03570795 1.56524782
v -0.08886864 -0.00000000 1.57558547
v -0.09413594 0.03570795 1.56524782
v -0.10792590 0.05777668 1.53818350
v -0.12497123 0.05777668 1.50473015
v -0.13876119 0.03570795 1.47766583
v -0.09803564 -0.00000000 1.44827732
v -0.09445036 -0.03570795 1.45931168
v -0.08506397 -0.05777668 1.48820003
v -0.07346175 -0.05777668 1.52390798
v -0.06407536 -0.03570795 1.55279632
v -0.06049008 -0.00000000 1.56383069
v -0.06407536 0.03570795 1.55279632
v -0.07346175 0.05777668 1.52390798
v -0.08506397 0.05777668 1.48820003
v -0.09445036 0.03570795 1.45931168
v -0.04962883 -0.00000000 1.43665587
v -0.04781385 -0.03570795 1.44811525
v -0.04306215 -0.05777668 1.47811628
v -0.03718873 -0.05777668 1.51519960
v -0.03243703 -0.03570795 1.54520063
v -0.03062205 -0.00000000 1.55666001
v -0.03243703 0.03570795 1.54520063
v -0.03718873 0.05777668 1.51519960
v -0.04306215 0.05777668 1.47811628
v -0.04781385 0.03570795 1.44811525
v -0.00000000 -0.00000000 1.43275000
v -0.00000000 -0.03570795 1.44435222
v -0.00000000 -0.05777668 1.47472722
v -0.00000000 -0.05777668 1.51227278
v -0.00000000 -0.03570795 1.54264778
v -0.00000000 -0.00000000 1.55425000
v -0.00000000 0.03570795 1.54264778
v -0.00000000 0.05777668 1.51227278
v -0.00000000 0.05777668 1.47472722
v -0.00000000 0.03570795 1.44435222
v 0.04962883 -0.00000000 1.43665587
v 0.04781385 -0.03570795 1.44811525
v 0.04306215 -0.05777668 1.47811628
v 0.03718873 -0.05777668 1.51519960
v 0.03243703 -0.03570795 1.54520063
v 0.03062205 -0.00000000 1.55666001
v 0.03243703 0.03570795 1.54520063
v 0.03718873 0.05777668 1.51519960
v 0.04306215 0.05777668 1.47811628
v 0.04781385 0.03570795 1.44811525
v 0.09803564 -0.00000000 1.44827732
v 0.09445036 -0.03570795 1.45931168
v 0.08506397 -0.05777668 1.48820003
v 0.07346175 -0.05777668 1.52390798
v 0.06407536 -0.03570795 1.55279632
v 0.06049008 -0.00000000 1.56383069
v 0.06407536 0.03570795 1.55279632
v 0.07346175 0.05777668 1.52390798
v 0.08506397 0.05777668 1.48820003
v 0.09445036 0.03570795 1.45931168
v 0.14402849 -0.00000000 1.46732818
v 0.13876119 -0.03570795 1.47766583
v 0.12497123 -0.05777668 1.50473015
v 0.10792590 -0.05777668 1.53818350
v 0.09413594 -0.03570795 1.56524782
v 0.08886864 -0.00000000 1.57558547
v 0.09413594 0.03570795 1.56524782
v 0.10792590 0.05777668 1.53818350
v 0.12497123 0.05777668 1.50473015
v 0.13876119 0.03570795 1.47766583
v 0.18647487 -0.00000000 1.49333936
v 0.17965526 -0.03570795 1.50272575
v 0.16180128 -0.05777668 1.52729964
v 0.13973255 -0.05777668 1.55767464
v 0.12187858 -0.03570795 1.58224853
v 0.11505896 -0.00000000 1.59163492
v 0.12187858 0.03570795 1.58224853
v 0.13973255 0.05777668 1.55767464
v 0.16180128 0.05777668 1.52729964
v 0.17965526 0.03570795 1.50272575
v 0.22432963 -0.00000000 1.52567037
v 0.21612562 -0.03570795 1.53387438
v 0.19464725 -0.05777668 1.55535275
v 0.16809853 -0.05777668 1.58190147
v 0.14662016 -0.03570795 1.60337984
v 0.13841615 -0.00000000 1.61158385
v 0.14662016 0.03570795 1.60337984
v 0.16809853 0.05777668 1.58190147
v 0.19464725 0.05777668 1.55535275
v 0.21612562 0.03570795 1.53387438
v 0.25666064 -0.00000000 1.56352513
v 0.24727425 -0.03570795 1.57034474
v 0.22270036 -0.05777668 1.58819872
v 0.19232536 -0.05777668 1.61026745
v 0.16775147 -0.03570795 1.62812142
v 0.15836508 -0.00000000 1.63494104
v 0.16775147 0.03570795 1.62812142
v 0.19232536 0.05777668 1.61026745
v 0.22270036 0.05777668 1.58819872
v 0.24727425 0.03570795 1.57034474
v 0.28267182 -0.00000000 1.60597151
v 0.27233417 -0.03570795 1.61123881
v 0.24526985 -0.05777668 1.62502877
v 0.21181650 -0.05777668 1.64207410
v 0.18475218 -0.03570795 1.65586406
v 0.17441453 -0.00000000 1.66113136
v 0.18475218 0.03570795 1.65586406
v 0.21181650 0.05777668 1.64207410
v 0.24526985 0.05777668 1.62502877
v 0.27233417 0.03570795 1.61123881
v 0.30172268 -0.00000000 1.65196436
v 0.29068832 -0.03570795 1.65554964
v 0.26179997 -0.05777668 1.66493603
v 0.22609202 -0.05777668 1.67653825
v 0.19720368 -0.03570795 1.68592464
v 0.18616931 -0.00000000 1.68950992
v 0.19720368 0.03570795 1.68592464
v 0.22609202 0.05777668 1.67653825
v 0.26179997 0.05777668 1.66493603
v 0.29068832 0.03570795 1.65554964
v 0.31334413 -0.00000000 1.70037117
v 0.30188475 -0.03570795 1.70218615
v 0.27188372 -0.05777668 1.70693785
v 0.23480040 -0.05777668 1.71281127
v 0.20479937 -0.03570795 1.71756297
v 0.19333999 -0.00000000 1.71937795
v 0.20479937 0.03570795 1.71756297
v 0.23480040 0.05777668 1.71281127
v 0.27188372 0.05777668 1.70693785
v 0.30188475 0.03570795 1.70218615
f 1147 1157 1148
f 1148 1157 1158
f 1148 1158 1149
f 1149 1158 1159
f 1149 1159 1150
f 1150 1159 1160
f 1150 1160 1151
f 1151 1160 1161
f 1151 1161 1152
f 1152 1161 1162
f 1152 1162 1153
f 1153 1162 1163
f 1153 1163 1154
f 1154 1163 1164
f 1154 1164 1155
f 1155 1164 1165
f 1155 1165 1156
f 1156 1165 1166
f 1156 1166 1147
f 1147 1166 1157
f 1157 1167 1158
f 1158 1167 1168
f 1158 1168 1159
f 1159 1168 1169
f 1159 1169 1160
f 1160 1169 1170
f 1160 1170 1161
f 1161 1170 1171
f 1161 1171 1162
f 1162 1171 1172
f 1162 1172 1163
f 1163 1172 1173
f 1163 1173 1164
f 1164 1173 1174
f 1164 1174 1165
f 1165 1174 1175
f 1165 1175 1166
f 1166 1175 1176
f 1166 1176 1157
f 1157 1176 1167
f 1167 1177 1168
f 1168 1177 1178
f 1168 1178 1169
f 1169 1178 1179
f 1169 1179 1170
f 1170 1179 1180
f 1170 1180 1171
f 1171 1180 1181
f 1171 1181 1172
f 1172 1181 1182
f 1172 1182 1173
f 1173 1182 1183
f 1173 1183 1174
f 1174 1183 1184
f 1174 1184 1175
f 1175 1184 1185
f 1175 1185 1176
f 1176 1185 1186
f 1176 1186 1167
f 1167 1186 1177
f 1177 1187 1178
f 1178 1187 1188
f 1178 1188 1179
f 1179 1188 1189
f 1179 1189 1180
f 1180 1189 1190
f 1180 1190 1181
f 1181 1190 1191
f 1181 1191 1182
f 1182 1191 1192
f 1182 1192 1183
f 1183 1192 1193
f 1183 1193 1184
f 1184 1193 1194
f 1184 1194 1185
f 1185 1194 1195
f 1185 1195 1186
f 1186 1195 1196
f 1186 1196 1177
f 1177 1196 1187
f 1187 1197 1188
f 1188 1197 1198
f 1188 1198 1189
f 1189 1198 1199
f 1189 1199 1190
f 1190 1199 1200
f 1190 1200 1191
f 1191 1200 1201
f 1191 1201 1192
f 1192 1201 1202
f 1192 1202 1193
f 1193 1202 1203
f 1193 1203 1194
f 1194 1203 1204
f 1194 1204 1195
f 1195 1204 1205
f 1195 1205 1196
f 1196 1205 1206
f 1196 1206 1187
f 1187 1206 1197
f 1197 1207 1198
f 1198 1207 1208
f 1198 1208 1199
f 1199 1208 1209
f 1199 1209 1200
f 1200 1209 1210
f 1200 1210 1201
f 1201 1210 1211
f 1201 1211 1202
f 1202 1211 1212
f 1202 1212 1203
f 1203 1212 1213
f 1203 1213 1204
f 1204 1213 1214
f 1204 1214 1205
f 1205 1214 1215
f 1205 1215 1206
f 1206 1215 1216
f 1206 1216 1197
f 1197 1216 1207
f 1207 1217 1208
f 1208 1217 1218
f 1208 1218 1209
f 1209 1218 1219
f 1209 1219 1210
f 1210 1219 1220
f 1210 1220 1211
f 1211 1220 1221
f 1211 1221 1212
f 1212 1221 1222
f 1212 1222 1213
f 1213 1222 1223
f 1213 1223 1214
f 1214 1223 1224
f 1214 1224 1215
f 1215 1224 1225
f 1215 1225 1216
f 1216 1225 1226
f 1216 1226 1207
f 1207 1226 1217
f 1217 1227 1218
f 1218 1227 1228
f 1218 1228 1219
f 1219 1228 1229
f 1219 1229 1220
f 1220 1229 1230
f 1220 1230 1221
f 1221 1230 1231
f 1221 1231 1222
f 1222 1231 1232
f 1222 1232 1223
f 1223 1232 1233
f 1223 1233 1224
f 1224 1233 1234
f 1224 1234 1225
f 1225 1234 1235
f 1225 1235 1226
f 1226 1235 1236
f 1226 1236 1217
f 1217 1236 1227
f 1227 1237 1228
f 1228 1237 1238
f 1228 1238 1229
f 1229 1238 1239
f 1229 1239 1230
f 1230 1239 1240
f 1230 1240 1231
f 1231 1240 1241
f 1231 1241 1232
f 1232 1241 1242
f 1232 1242 1233
f 1233 1242 1243
f 1233 1243 1234
f 1234 1243 1244
f 1234 1244 1235
f 1235 1244 1245
f 1235 1245 1236
f 1236 1245 1246
f 1236 1246 1227
f 1227 1246 1237
f 1237 1247 1238
f 1238 1247 1248
f 1238 1248 1239
f 1239 1248 1249
f 1239 1249 1240
f 1240 1249 1250
f 1240 1250 1241
f 1241 1250 1251
f 1241 1251 1242
f 1242 1251 1252
f 1242 1252 1243
f 1243 1252 1253
f 1243 1253 1244
f 1244 1253 1254
f 1244 1254 1245
f 1245 1254 1255
f 1245 1255 1246
f 1246 1255 1256
f 1246 1256 1237
f 1237 1256 1247
f 1247 1257 1248
f 1248 1257 1258
f 1248 1258 1249
f 1249 1258 1259
f 1249 1259 1250
f 1250 1259 1260
f 1250 1260 1251
f 1251 1260 1261
f 1251 1261 1252
f 1252 1261 1262
f 1252 1262 1253
f 1253 1262 1263
f 1253 1263 1254
f 1254 1263 1264
f 1254 1264 1255
f 1255 1264 1265
f 1255 1265 1256
f 1256 1265 1266
f 1256 1266 1247
f 1247 1266 1257
f 1257 1267 1258
f 1258 1267 1268
f 1258 1268 1259
f 1259 1268 1269
f 1259 1269 1260
f 1260 1269 1270
f 1260 1270 1261
f 1261 1270 1271
f 1261 1271 1262
f 1262 1271 1272
f 1262 1272 1263
f 1263 1272 1273
f 1263 1273 1264
f 1264 1273 1274
f 1264 1274 1265
f 1265 1274 1275
f 1265 1275 1266
f 1266 1275 1276
f 1266 1276 1257
f 1257 1276 1267
f 1267 1277 1268
f 1268 1277 1278
f 1268 1278 1269
f 1269 1278 1279
f 1269 1279 1270
f 1270 1279 1280
f 1270 1280 1271
f 1271 1280 1281
f 1271 1281 1272
f 1272 1281 1282
f 1272 1282 1273
f 1273 1282 1283
f 1273 1283 1274
f 1274 1283 1284
f 1274 1284 1275
f 1275 1284 1285
f 1275 1285 1276
f 1276 1285 1286
f 1276 1286 1267
f 1267 1286 1277
f 1277 1287 1278
f 1278 1287 1288
f 1278 1288 1279
f 1279 1288 1289
f 1279 1289 1280
f 1280 1289 1290
f 1280 1290 1281
f 1281 1290 1291
f 1281 1291 1282
f 1282 1291 1292
f 1282 1292 1283
f 1283 1292 1293
f 1283 1293 1284
f 1284 1293 1294
f 1284 1294 1285
f 1285 1294 1295
f 1285 1295 1286
f 1286 1295 1296
f 1286 1296 1277
f 1277 1296 1287
f 1287 1297 1288
f 1288 1297 1298
f 1288 1298 1289
f 1289 1298 1299
f 1289 1299 1290
f 1290 1299 1300
f 1290 1300 1291
f 1291 1300 1301
f 1291 1301 1292
f 1292 1301 1302
f 1292 1302 1293
f 1293 1302 1303
f 1293 1303 1294
f 1294 1303 1304
f 1294 1304 1295
f 1295 1304 1305
f 1295 1305 1296
f 1296 1305 1306
f 1296 1306 1287
f 1287 1306 1297
f 1297 1307 1298
f 1298 1307 1308
f 1298 1308 1299
f 1299 1308 1309
f 1299 1309 1300
f 1300 1309 1310
f 1300 1310 1301
f 1301 1310 1311
f 1301 1311 1302
f 1302 1311 1312
f 1302 1312 1303
f 1303 1312 1313
f 1303 1313 1304
f 1304 1313 1314
f 1304 1314 1305
f 1305 1314 1315
f 1305 1315 1306
f 1306 1315 1316
f 1306 1316 1297
f 1297 1316 1307
f 1307 1317 1308
f 1308 1317 1318
f 1308 1318 1309
f 1309 1318 1319
f 1309 1319 1310
f 1310 1319 1320
f 1310 1320 1311
f 1311 1320 1321
f 1311 1321 1312
f 1312 1321 1322
f 1312 1322 1313
f 1313 1322 1323
f 1313 1323 1314
f 1314 1323 1324
f 1314 1324 1315
f 1315 1324 1325
f 1315 1325 1316
f 1316 1325 1326
f 1316 1326 1307
f 1307 1326 1317
f 1317 1327 1318
f 1318 1327 1328
f 1318 1328 1319
f 1319 1328 1329
f 1319 1329 1320
f 1320 1329 1330
f 1320 1330 1321
f 1321 1330 1331
f 1321 1331 1322
f 1322 1331 1332
f 1322 1332 1323
f 1323 1332 1333
f 1323 1333 1324
f 1324 1333 1334
f 1324 1334 1325
f 1325 1334 1335
f 1325 1335 1326
f 1326 1335 1336
f 1326 1336 1317
f 1317 1336 1327
f 1327 1337 1328
f 1328 1337 1338
f 1328 1338 1329
f 1329 1338 1339
f 1329 1339 1330
f 1330 1339 1340
f 1330 1340 1331
f 1331 1340 1341
f 1331 1341 1332
f 1332 1341 1342
f 1332 1342 1333
f 1333 1342 1343
f 1333 1343 1334
f 1334 1343 1344
f 1334 1344 1335
f 1335 1344 1345
f 1335 1345 1336
f 1336 1345 1346
f 1336 1346 1327
f 1327 1346 1337
f 1337 1347 1338
f 1338 1347 1348
f 1338 1348 1339
f 1339 1348 1349
f 1339 1349 1340
f 1340 1349 1350
f 1340 1350 1341
f 1341 1350 1351
f 1341 1351 1342
f 1342 1351 1352
f 1342 1352 1343
f 1343 1352 1353
f 1343 1353 1344
f 1344 1353 1354
f 1344 1354 1345
f 1345 1354 1355
f 1345 1355 1346
f 1346 1355 1356
f 1346 1356 1337
f 1337 1356 1347
f 1347 1357 1348
f 1348 1357 1358
f 1348 1358 1349
f 1349 1358 1359
f 1349 1359 1350
f 1350 1359 1360
f 1350 1360 1351
f 1351 1360 1361
f 1351 1361 1352
f 1352 1361 1362
f 1352 1362 1353
f 1353 1362 1363
f 1353 1363 1354
f 1354 1363 1364
f 1354 1364 1355
f 1355 1364 1365
f 1355 1365 1356
f 1356 1365 1366
f 1356 1366 1347
f 1347 1366 1357
f 1357 1367 1358
f 1358 1367 1368
f 1358 1368 1359
f 1359 1368 1369
f 1359 1369 1360
f 1360 1369 1370
f 1360 1370 1361
f 1361 1370 1371
f 1361 1371 1362
f 1362 1371 1372
f 1362 1372 1363
f 1363 1372 1373
f 1363 1373 1364
f 1364 1373 1374
f 1364 1374 1365
f 1365 1374 1375
f 1365 1375 1366
f 1366 1375 1376
f 1366 1376 1357
f 1357 1376 1367
f 1367 1377 1368
f 1368 1377 1378
f 1368 1378 1369
f 1369 1378 1379
f 1369 1379 1370
f 1370 1379 1380
f 1370 1380 1371
f 1371 1380 1381
f 1371 1381 1372
f 1372 1381 1382
f 1372 1382 1373
f 1373 1382 1383
f 1373 1383 1374
f 1374 1383 1384
f 1374 1384 1375
f 1375 1384 1385
f 1375 1385 1376
f 1376 1385 1386
f 1376 1386 1367
f 1367 1386 1377
f 1377 1387 1378
f 1378 1387 1388
f 1378 1388 1379
f 1379 1388 1389
f 1379 1389 1380
f 1380 1389 1390
f 1380 1390 1381
f 1381 1390 1391
f 1381 1391 1382
f 1382 1391 1392
f 1382 1392 1383
f 1383 1392 1393
f 1383 1393 1384
f 1384 1393 1394
f 1384 1394 1385
f 1385 1394 1395
f 1385 1395 1386
f 1386 1395 1396
f 1386 1396 1377
f 1377 1396 1387
f 1387 1397 1388
f 1388 1397 1398
f 1388 1398 1389
f 1389 1398 1399
f 1389 1399 1390
f 1390 1399 1400
f 1390 1400 1391
f 1391 1400 1401
f 1391 1401 1392
f 1392 1401 1402
f 1392 1402 1393
f 1393 1402 1403
f 1393 1403 1394
f 1394 1403 1404
f 1394 1404 1395
f 1395 1404 1405
f 1395 1405 1396
f 1396 1405 1406
f 1396 1406 1387
f 1387 1406 1397
f 1397 1407 1398
f 1398 1407 1408
f 1398 1408 1399
f 1399 1408 1409
f 1399 1409 1400
f 1400 1409 1410
f 1400 1410 1401
f 1401 1410 1411
f 1401 1411 1402
f 1402 1411 1412
f 1402 1412 1403
f 1403 1412 1413
f 1403 1413 1404
f 1404 1413 1414
f 1404 1414 1405
f 1405 1414 1415
f 1405 1415 1406
f 1406 1415 1416
f 1406 1416 1397
f 1397 1416 1407
f 1407 1417 1408
f 1408 1417 1418
f 1408 1418 1409
f 1409 1418 1419
f 1409 1419 1410
f 1410 1419 1420
f 1410 1420 1411
f 1411 1420 1421
f 1411 1421 1412
f 1412 1421 1422
f 1412 1422 1413
f 1413 1422 1423
f 1413 1423 1414
f 1414 1423 1424
f 1414 1424 1415
f 1415 1424 1425
f 1415 1425 1416
f 1416 1425 1426
f 1416 1426 1407
f 1407 1426 1417
f 1417 1427 1418
f 1418 1427 1428
f 1418 1428 1419
f 1419 1428 1429
f 1419 1429 1420
f 1420 1429 1430
f 1420 1430 1421
f 1421 1430 1431
f 1421 1431 1422
f 1422 1431 1432
f 1422 1432 1423
f 1423 1432 1433
f 1423 1433 1424
f 1424 1433 1434
f 1424 1434 1425
f 1425 1434 1435
f 1425 1435 1426
f 1426 1435 1436
f 1426 1436 1417
f 1417 1436 1427
f 1427 1437 1428
f 1428 1437 1438
f 1428 1438 1429
f 1429 1438 1439
f 1429 1439 1430
f 1430 1439 1440
f 1430 1440 1431
f 1431 1440 1441
f 1431 1441 1432
f 1432 1441 1442
f 1432 1442 1433
f 1433 1442 1443
f 1433 1443 1434
f 1434 1443 1444
f 1434 1444 1435
f 1435 1444 1445
f 1435 1445 1436
f 1436 1445 1446
f 1436 1446 1427
f 1427 1446 1437
f 1437 1447 1438
f 1438 1447 1448
f 1438 1448 1439
f 1439 1448 1449
f 1439 1449 1440
f 1440 1449 1450
f 1440 1450 1441
f 1441 1450 1451
f 1441 1451 1442
f 1442 1451 1452
f 1442 1452 1443
f 1443 1452 1453
f 1443 1453 1444
f 1444 1453 1454
f 1444 1454 1445
f 1445 1454 1455
f 1445 1455 1446
f 1446 1455 1456
f 1446 1456 1437
f 1437 1456 1447
f 1447 1457 1448
f 1448 1457 1458
f 1448 1458 1449
f 1449 1458 1459
f 1449 1459 1450
f 1450 1459 1460
f 1450 1460 1451
f 1451 1460 1461
f 1451 1461 1452
f 1452 1461 1462
f 1452 1462 1453
f 1453 1462 1463
f 1453 1463 1454
f 1454 1463 1464
f 1454 1464 1455
f 1455 1464 1465
f 1455 1465 1456
f 1456 1465 1466
f 1456 1466 1447
f 1447 1466 1457
f 1457 1467 1458
f 1458 1467 1468
f 1458 1468 1459
f 1459 1468 1469
f 1459 1469 1460
f 1460 1469 1470
f 1460 1470 1461
f 1461 1470 1471
f 1461 1471 1462
f 1462 1471 1472
f 1462 1472 1463
f 1463 1472 1473
f 1463 1473 1464
f 1464 1473 1474
f 1464 1474 1465
f 1465 1474 1475
f 1465 1475 1466
f 1466 1475 1476
f 1466 1476 1457
f 1457 1476 1467
f 1467 1477 1468
f 1468 1477 1478
f 1468 1478 1469
f 1469 1478 1479
f 1469 1479 1470
f 1470 1479 1480
f 1470 1480 1471
f 1471 1480 1481
f 1471 1481 1472
f 1472 1481 1482
f 1472 1482 1473
f 1473 1482 1483
f 1473 1483 1474
f 1474 1483 1484
f 1474 1484 1475
f 1475 1484 1485
f 1475 1485 1476
f 1476 1485 1486
f 1476 1486 1467
f 1467 1486 1477
f 1477 1487 1478
f 1478 1487 1488
f 1478 1488 1479
f 1479 1488 1489
f 1479 1489 1480
f 1480 1489 1490
f 1480 1490 1481
f 1481 1490 1491
f 1481 1491 1482
f 1482 1491 1492
f 1482 1492 1483
f 1483 1492 1493
f 1483 1493 1484
f 1484 1493 1494
f 1484 1494 1485
f 1485 1494 1495
f 1485 1495 1486
f 1486 1495 1496
f 1486 1496 1477
f 1477 1496 1487
f 1487 1497 1488
f 1488 1497 1498
f 1488 1498 1489
f 1489 1498 1499
f 1489 1499 1490
f 1490 1499 1500
f 1490 1500 1491
f 1491 1500 1501
f 1491 1501 1492
f 1492 1501 1502
f 1492 1502 1493
f 1493 1502 1503
f 1493 1503 1494
f 1494 1503 1504
f 1494 1504 1495
f 1495 1504 1505
f 1495 1505 1496
f 1496 1505 1506
f 1496 1506 1487
f 1487 1506 1497
f 1497 1507 1498
f 1498 1507 1508
f 1498 1508 1499
f 1499 1508 1509
f 1499 1509 1500
f 1500 1509 1510
f 1500 1510 1501
f 1501 1510 1511
f 1501 1511 1502
f 1502 1511 1512
f 1502 1512 1503
f 1503 1512 1513
f 1503 1513 1504
f 1504 1513 1514
f 1504 1514 1505
f 1505 1514 1515
f 1505 1515 1506
f 1506 1515 1516
f 1506 1516 1497
f 1497 1516 1507
f 1507 1517 1508
f 1508 1517 1518
f 1508 1518 1509
f 1509 1518 1519
f 1509 1519 1510
f 1510 1519 1520
f 1510 1520 1511
f 1511 1520 1521
f 1511 1521 1512
f 1512 1521 1522
f 1512 1522 1513
f 1513 1522 1523
f 1513 1523 1514
f 1514 1523 1524
f 1514 1524 1515
f 1515 1524 1525
f 1515 1525 1516
f 1516 1525 1526
f 1516 1526 1507
f 1507 1526 1517
f 1517 1527 1518
f 1518 1527 1528
f 1518 1528 1519
f 1519 1528 1529
f 1519 1529 1520
f 1520 1529 1530
f 1520 1530 1521
f 1521 1530 1531
f 1521 1531 1522
f 1522 1531 1532
f 1522 1532 1523
f 1523 1532 1533
f 1523 1533 1524
f 1524 1533 1534
f 1524 1534 1525
f 1525 1534 1535
f 1525 1535 1526
f 1526 1535 1536
f 1526 1536 1517
f 1517 1536 1527
f 1527 1537 1528
f 1528 1537 1538
f 1528 1538 1529
f 1529 1538 1539
f 1529 1539 1530
f 1530 1539 1540
f 1530 1540 1531
f 1531 1540 1541
f 1531 1541 1532
f 1532 1541 1542
f 1532 1542 1533
f 1533 1542 1543
f 1533 1543 1534
f 1534 1543 1544
f 1534 1544 1535
f 1535 1544 1545
f 1535 1545 1536
f 1536 1545 1546
f 1536 1546 1527
f 1527 1546 1537
f 1537 1147 1538
f 1538 1147 1148
f 1538 1148 1539
f 1539 1148 1149
f 1539 1149 1540
f 1540 1149 1150
f 1540 1150 1541
f 1541 1150 1151
f 1541 1151 1542
f 1542 1151 1152
f 1542 1152 1543
f 1543 1152 1153
f 1543 1153 1544
f 1544 1153 1154
f 1544 1154 1545
f 1545 1154 1155
f 1545 1155 1546
f 1546 1155 1156
f 1546 1156 1537
f 1537 1156 1147

o geometry_4
usemtl Bordô
v -0.05000000 -0.14250000 1.45500000
v -0.05000000 -0.14250000 1.72500000
v -0.05000000 -0.10750000 1.45500000
v -0.05000000 -0.10750000 1.72500000
v 0.05000000 -0.14250000 1.45500000
v 0.05000000 -0.14250000 1.72500000
v 0.05000000 -0.10750000 1.45500000
v 0.05000000 -0.10750000 1.72500000
f 1548 1550 1547
f 1551 1548 1547
f 1547 1550 1549
f 1549 1551 1547
f 1548 1554 1550
f 1552 1548 1551
f 1552 1554 1548
f 1550 1554 1549
f 1553 1551 1549
f 1549 1554 1553
f 1553 1552 1551
f 1554 1552 1553

